2026-07-28 11:55:35.607 [restartedMain] INFO  com.example.test.TestApplication - Starting TestApplication using Java 21.0.11 with PID 24184 (C:\Users\ADMIN88\jvabackend\test\build\classes\java\main started by ADMIN88 in C:\Users\ADMIN88\jvabackend\test)
2026-07-28 11:55:35.608 [restartedMain] INFO  com.example.test.TestApplication - No active profile set, falling back to 1 default profile: "default"
2026-07-28 11:55:35.883 [restartedMain] INFO  com.zaxxer.hikari.HikariDataSource - HikariPool-9 - Starting...
2026-07-28 11:55:35.909 [restartedMain] INFO  com.zaxxer.hikari.pool.HikariPool - HikariPool-9 - Added connection org.postgresql.jdbc.PgConnection@f66e14
2026-07-28 11:55:35.912 [restartedMain] INFO  com.zaxxer.hikari.HikariDataSource - HikariPool-9 - Start completed.
2026-07-28 11:55:36.560 [restartedMain] INFO  com.example.test.TestApplication - Started TestApplication in 1.066 seconds (process running for 900.736)
2026-07-28 11:57:21.143 [Thread-33] INFO  com.zaxxer.hikari.HikariDataSource - HikariPool-9 - Shutdown initiated...
2026-07-28 11:57:21.146 [Thread-33] INFO  com.zaxxer.hikari.HikariDataSource - HikariPool-9 - Shutdown completed.
2026-07-28 11:57:21.214 [restartedMain] INFO  com.example.test.TestApplication - Starting TestApplication using Java 21.0.11 with PID 24184 (C:\Users\ADMIN88\jvabackend\test\build\classes\java\main started by ADMIN88 in C:\Users\ADMIN88\jvabackend\test)
2026-07-28 11:57:21.215 [restartedMain] INFO  com.example.test.TestApplication - No active profile set, falling back to 1 default profile: "default"
2026-07-28 11:57:21.472 [restartedMain] INFO  com.zaxxer.hikari.HikariDataSource - HikariPool-10 - Starting...
2026-07-28 11:57:21.498 [restartedMain] INFO  com.zaxxer.hikari.pool.HikariPool - HikariPool-10 - Added connection org.postgresql.jdbc.PgConnection@7fcebfe9
2026-07-28 11:57:21.498 [restartedMain] INFO  com.zaxxer.hikari.HikariDataSource - HikariPool-10 - Start completed.
2026-07-28 11:57:21.876 [restartedMain] INFO  com.example.test.TestApplication - Started TestApplication in 0.684 seconds (process running for 1006.051)
2026-07-28 11:59:40.309 [Thread-37] INFO  com.zaxxer.hikari.HikariDataSource - HikariPool-10 - Shutdown initiated...
2026-07-28 11:59:40.312 [Thread-37] INFO  com.zaxxer.hikari.HikariDataSource - HikariPool-10 - Shutdown completed.
2026-07-28 11:59:40.375 [restartedMain] INFO  com.example.test.TestApplication - Starting TestApplication using Java 21.0.11 with PID 24184 (C:\Users\ADMIN88\jvabackend\test\build\classes\java\main started by ADMIN88 in C:\Users\ADMIN88\jvabackend\test)
2026-07-28 11:59:40.375 [restartedMain] INFO  com.example.test.TestApplication - No active profile set, falling back to 1 default profile: "default"
2026-07-28 11:59:40.690 [restartedMain] INFO  com.zaxxer.hikari.HikariDataSource - HikariPool-11 - Starting...
2026-07-28 11:59:40.715 [restartedMain] INFO  com.zaxxer.hikari.pool.HikariPool - HikariPool-11 - Added connection org.postgresql.jdbc.PgConnection@594288b6
2026-07-28 11:59:40.715 [restartedMain] INFO  com.zaxxer.hikari.HikariDataSource - HikariPool-11 - Start completed.
2026-07-28 11:59:41.122 [restartedMain] INFO  com.example.test.TestApplication - Started TestApplication in 0.771 seconds (process running for 1145.298)
2026-07-28 13:41:58.140 [Thread-41] INFO  com.zaxxer.hikari.HikariDataSource - HikariPool-11 - Shutdown initiated...
2026-07-28 13:41:58.142 [Thread-41] INFO  com.zaxxer.hikari.HikariDataSource - HikariPool-11 - Shutdown completed.
2026-07-28 13:41:58.245 [restartedMain] INFO  com.example.test.TestApplication - Starting TestApplication using Java 21.0.11 with PID 24184 (C:\Users\ADMIN88\jvabackend\test\build\classes\java\main started by ADMIN88 in C:\Users\ADMIN88\jvabackend\test)
2026-07-28 13:41:58.245 [restartedMain] INFO  com.example.test.TestApplication - No active profile set, falling back to 1 default profile: "default"
2026-07-28 13:41:58.949 [restartedMain] INFO  com.zaxxer.hikari.HikariDataSource - HikariPool-12 - Starting...
2026-07-28 13:41:58.985 [restartedMain] INFO  com.zaxxer.hikari.pool.HikariPool - HikariPool-12 - Added connection org.postgresql.jdbc.PgConnection@7eb1bd6b
2026-07-28 13:41:58.986 [restartedMain] INFO  com.zaxxer.hikari.HikariDataSource - HikariPool-12 - Start completed.
2026-07-28 13:41:59.637 [restartedMain] INFO  com.example.test.TestApplication - Started TestApplication in 1.435 seconds (process running for 7283.813)
2026-07-28 13:43:51.075 [Thread-45] INFO  com.zaxxer.hikari.HikariDataSource - HikariPool-12 - Shutdown initiated...
2026-07-28 13:43:51.077 [Thread-45] INFO  com.zaxxer.hikari.HikariDataSource - HikariPool-12 - Shutdown completed.
2026-07-28 13:43:51.159 [restartedMain] INFO  com.example.test.TestApplication - Starting TestApplication using Java 21.0.11 with PID 24184 (C:\Users\ADMIN88\jvabackend\test\build\classes\java\main started by ADMIN88 in C:\Users\ADMIN88\jvabackend\test)
2026-07-28 13:43:51.159 [restartedMain] INFO  com.example.test.TestApplication - No active profile set, falling back to 1 default profile: "default"
2026-07-28 13:43:51.659 [restartedMain] INFO  com.zaxxer.hikari.HikariDataSource - HikariPool-13 - Starting...
2026-07-28 13:43:51.685 [restartedMain] INFO  com.zaxxer.hikari.pool.HikariPool - HikariPool-13 - Added connection org.postgresql.jdbc.PgConnection@7c672740
2026-07-28 13:43:51.685 [restartedMain] INFO  com.zaxxer.hikari.HikariDataSource - HikariPool-13 - Start completed.
2026-07-28 13:43:52.306 [restartedMain] INFO  com.example.test.TestApplication - Started TestApplication in 1.18 seconds (process running for 7396.482)
2026-07-28 13:46:09.710 [Thread-49] INFO  com.zaxxer.hikari.HikariDataSource - HikariPool-13 - Shutdown initiated...
2026-07-28 13:46:09.713 [Thread-49] INFO  com.zaxxer.hikari.HikariDataSource - HikariPool-13 - Shutdown completed.
2026-07-28 13:46:09.833 [restartedMain] INFO  com.example.test.TestApplication - Starting TestApplication using Java 21.0.11 with PID 24184 (C:\Users\ADMIN88\jvabackend\test\build\classes\java\main started by ADMIN88 in C:\Users\ADMIN88\jvabackend\test)
2026-07-28 13:46:09.833 [restartedMain] INFO  com.example.test.TestApplication - No active profile set, falling back to 1 default profile: "default"
2026-07-28 13:46:10.423 [restartedMain] INFO  com.zaxxer.hikari.HikariDataSource - HikariPool-14 - Starting...
2026-07-28 13:46:10.454 [restartedMain] INFO  com.zaxxer.hikari.pool.HikariPool - HikariPool-14 - Added connection org.postgresql.jdbc.PgConnection@51f0aac8
2026-07-28 13:46:10.454 [restartedMain] INFO  com.zaxxer.hikari.HikariDataSource - HikariPool-14 - Start completed.
2026-07-28 13:46:10.678 [restartedMain] INFO  com.zaxxer.hikari.HikariDataSource - HikariPool-14 - Shutdown initiated...
2026-07-28 13:46:10.689 [restartedMain] INFO  com.zaxxer.hikari.HikariDataSource - HikariPool-14 - Shutdown completed.
2026-07-28 13:46:12.277 [restartedMain] INFO  com.example.test.TestApplication - Starting TestApplication using Java 21.0.11 with PID 24184 (C:\Users\ADMIN88\jvabackend\test\build\classes\java\main started by ADMIN88 in C:\Users\ADMIN88\jvabackend\test)
2026-07-28 13:46:12.277 [restartedMain] INFO  com.example.test.TestApplication - No active profile set, falling back to 1 default profile: "default"
2026-07-28 13:46:12.758 [restartedMain] INFO  com.zaxxer.hikari.HikariDataSource - HikariPool-15 - Starting...
2026-07-28 13:46:12.787 [restartedMain] INFO  com.zaxxer.hikari.pool.HikariPool - HikariPool-15 - Added connection org.postgresql.jdbc.PgConnection@485ca557
2026-07-28 13:46:12.787 [restartedMain] INFO  com.zaxxer.hikari.HikariDataSource - HikariPool-15 - Start completed.
2026-07-28 13:46:13.464 [restartedMain] INFO  com.example.test.TestApplication - Started TestApplication in 1.214 seconds (process running for 7537.64)
2026-07-28 13:47:02.086 [Thread-53] INFO  com.zaxxer.hikari.HikariDataSource - HikariPool-15 - Shutdown initiated...
2026-07-28 13:47:02.088 [Thread-53] INFO  com.zaxxer.hikari.HikariDataSource - HikariPool-15 - Shutdown completed.
2026-07-28 13:47:02.176 [restartedMain] INFO  com.example.test.TestApplication - Starting TestApplication using Java 21.0.11 with PID 24184 (C:\Users\ADMIN88\jvabackend\test\build\classes\java\main started by ADMIN88 in C:\Users\ADMIN88\jvabackend\test)
2026-07-28 13:47:02.176 [restartedMain] INFO  com.example.test.TestApplication - No active profile set, falling back to 1 default profile: "default"
2026-07-28 13:47:02.607 [restartedMain] INFO  com.zaxxer.hikari.HikariDataSource - HikariPool-16 - Starting...
2026-07-28 13:47:02.634 [restartedMain] INFO  com.zaxxer.hikari.pool.HikariPool - HikariPool-16 - Added connection org.postgresql.jdbc.PgConnection@53cad58e
2026-07-28 13:47:02.634 [restartedMain] INFO  com.zaxxer.hikari.HikariDataSource - HikariPool-16 - Start completed.
2026-07-28 13:47:03.319 [restartedMain] INFO  com.example.test.TestApplication - Started TestApplication in 1.178 seconds (process running for 7587.495)
2026-07-28 13:47:04.737 [Thread-60] INFO  com.zaxxer.hikari.HikariDataSource - HikariPool-16 - Shutdown initiated...
2026-07-28 13:47:04.739 [Thread-60] INFO  com.zaxxer.hikari.HikariDataSource - HikariPool-16 - Shutdown completed.
2026-07-28 13:47:04.797 [restartedMain] INFO  com.example.test.TestApplication - Starting TestApplication using Java 21.0.11 with PID 24184 (C:\Users\ADMIN88\jvabackend\test\build\classes\java\main started by ADMIN88 in C:\Users\ADMIN88\jvabackend\test)
2026-07-28 13:47:04.797 [restartedMain] INFO  com.example.test.TestApplication - No active profile set, falling back to 1 default profile: "default"
2026-07-28 13:47:05.028 [restartedMain] INFO  com.zaxxer.hikari.HikariDataSource - HikariPool-17 - Starting...
2026-07-28 13:47:05.055 [restartedMain] INFO  com.zaxxer.hikari.pool.HikariPool - HikariPool-17 - Added connection org.postgresql.jdbc.PgConnection@42a49793
2026-07-28 13:47:05.055 [restartedMain] INFO  com.zaxxer.hikari.HikariDataSource - HikariPool-17 - Start completed.
2026-07-28 13:47:05.450 [restartedMain] INFO  com.example.test.TestApplication - Started TestApplication in 0.669 seconds (process running for 7589.626)
2026-07-28 13:47:25.357 [Thread-64] INFO  com.zaxxer.hikari.HikariDataSource - HikariPool-17 - Shutdown initiated...
2026-07-28 13:47:25.358 [Thread-64] INFO  com.zaxxer.hikari.HikariDataSource - HikariPool-17 - Shutdown completed.
2026-07-28 13:47:25.450 [restartedMain] INFO  com.example.test.TestApplication - Starting TestApplication using Java 21.0.11 with PID 24184 (C:\Users\ADMIN88\jvabackend\test\build\classes\java\main started by ADMIN88 in C:\Users\ADMIN88\jvabackend\test)
2026-07-28 13:47:25.450 [restartedMain] INFO  com.example.test.TestApplication - No active profile set, falling back to 1 default profile: "default"
2026-07-28 13:47:25.970 [restartedMain] INFO  com.zaxxer.hikari.HikariDataSource - HikariPool-18 - Starting...
2026-07-28 13:47:25.999 [restartedMain] INFO  com.zaxxer.hikari.pool.HikariPool - HikariPool-18 - Added connection org.postgresql.jdbc.PgConnection@c6fcef0
2026-07-28 13:47:26.000 [restartedMain] INFO  com.zaxxer.hikari.HikariDataSource - HikariPool-18 - Start completed.
2026-07-28 13:47:26.640 [restartedMain] INFO  com.example.test.TestApplication - Started TestApplication in 1.222 seconds (process running for 7610.815)
2026-07-28 13:47:28.074 [Thread-68] INFO  com.zaxxer.hikari.HikariDataSource - HikariPool-18 - Shutdown initiated...
2026-07-28 13:47:28.076 [Thread-68] INFO  com.zaxxer.hikari.HikariDataSource - HikariPool-18 - Shutdown completed.
2026-07-28 13:47:28.159 [restartedMain] INFO  com.example.test.TestApplication - Starting TestApplication using Java 21.0.11 with PID 24184 (C:\Users\ADMIN88\jvabackend\test\build\classes\java\main started by ADMIN88 in C:\Users\ADMIN88\jvabackend\test)
2026-07-28 13:47:28.160 [restartedMain] INFO  com.example.test.TestApplication - No active profile set, falling back to 1 default profile: "default"
2026-07-28 13:47:28.641 [restartedMain] INFO  com.zaxxer.hikari.HikariDataSource - HikariPool-19 - Starting...
2026-07-28 13:47:28.779 [restartedMain] INFO  com.zaxxer.hikari.pool.HikariPool - HikariPool-19 - Added connection org.postgresql.jdbc.PgConnection@2890be07
2026-07-28 13:47:28.779 [restartedMain] INFO  com.zaxxer.hikari.HikariDataSource - HikariPool-19 - Start completed.
2026-07-28 13:47:29.455 [restartedMain] INFO  com.example.test.TestApplication - Started TestApplication in 1.327 seconds (process running for 7613.63)
2026-07-28 13:47:48.308 [Thread-72] INFO  com.zaxxer.hikari.HikariDataSource - HikariPool-19 - Shutdown initiated...
2026-07-28 13:47:48.310 [Thread-72] INFO  com.zaxxer.hikari.HikariDataSource - HikariPool-19 - Shutdown completed.
2026-07-28 13:47:48.409 [restartedMain] INFO  com.example.test.TestApplication - Starting TestApplication using Java 21.0.11 with PID 24184 (C:\Users\ADMIN88\jvabackend\test\build\classes\java\main started by ADMIN88 in C:\Users\ADMIN88\jvabackend\test)
2026-07-28 13:47:48.409 [restartedMain] INFO  com.example.test.TestApplication - No active profile set, falling back to 1 default profile: "default"
2026-07-28 13:47:48.858 [restartedMain] INFO  com.zaxxer.hikari.HikariDataSource - HikariPool-20 - Starting...
2026-07-28 13:47:48.884 [restartedMain] INFO  com.zaxxer.hikari.pool.HikariPool - HikariPool-20 - Added connection org.postgresql.jdbc.PgConnection@4f29bd64
2026-07-28 13:47:48.884 [restartedMain] INFO  com.zaxxer.hikari.HikariDataSource - HikariPool-20 - Start completed.
2026-07-28 13:47:49.636 [restartedMain] INFO  com.example.test.TestApplication - Started TestApplication in 1.259 seconds (process running for 7633.812)
2026-07-28 13:47:51.039 [Thread-76] INFO  com.zaxxer.hikari.HikariDataSource - HikariPool-20 - Shutdown initiated...
2026-07-28 13:47:51.041 [Thread-76] INFO  com.zaxxer.hikari.HikariDataSource - HikariPool-20 - Shutdown completed.
2026-07-28 13:47:51.095 [restartedMain] INFO  com.example.test.TestApplication - Starting TestApplication using Java 21.0.11 with PID 24184 (C:\Users\ADMIN88\jvabackend\test\build\classes\java\main started by ADMIN88 in C:\Users\ADMIN88\jvabackend\test)
2026-07-28 13:47:51.095 [restartedMain] INFO  com.example.test.TestApplication - No active profile set, falling back to 1 default profile: "default"
2026-07-28 13:47:51.327 [restartedMain] INFO  com.zaxxer.hikari.HikariDataSource - HikariPool-21 - Starting...
2026-07-28 13:47:51.357 [restartedMain] INFO  com.zaxxer.hikari.pool.HikariPool - HikariPool-21 - Added connection org.postgresql.jdbc.PgConnection@482d2bdb
2026-07-28 13:47:51.357 [restartedMain] INFO  com.zaxxer.hikari.HikariDataSource - HikariPool-21 - Start completed.
2026-07-28 13:47:51.904 [restartedMain] INFO  com.example.test.TestApplication - Started TestApplication in 0.823 seconds (process running for 7636.08)
2026-07-28 13:48:06.653 [Thread-80] INFO  com.zaxxer.hikari.HikariDataSource - HikariPool-21 - Shutdown initiated...
2026-07-28 13:48:06.655 [Thread-80] INFO  com.zaxxer.hikari.HikariDataSource - HikariPool-21 - Shutdown completed.
2026-07-28 13:48:06.742 [restartedMain] INFO  com.example.test.TestApplication - Starting TestApplication using Java 21.0.11 with PID 24184 (C:\Users\ADMIN88\jvabackend\test\build\classes\java\main started by ADMIN88 in C:\Users\ADMIN88\jvabackend\test)
2026-07-28 13:48:06.742 [restartedMain] INFO  com.example.test.TestApplication - No active profile set, falling back to 1 default profile: "default"
2026-07-28 13:48:07.264 [restartedMain] INFO  com.zaxxer.hikari.HikariDataSource - HikariPool-22 - Starting...
2026-07-28 13:48:07.405 [restartedMain] INFO  com.zaxxer.hikari.pool.HikariPool - HikariPool-22 - Added connection org.postgresql.jdbc.PgConnection@10a4d586
2026-07-28 13:48:07.406 [restartedMain] INFO  com.zaxxer.hikari.HikariDataSource - HikariPool-22 - Start completed.
2026-07-28 13:48:07.930 [restartedMain] INFO  com.example.test.TestApplication - Started TestApplication in 1.219 seconds (process running for 7652.106)
2026-07-28 13:48:09.349 [Thread-84] INFO  com.zaxxer.hikari.HikariDataSource - HikariPool-22 - Shutdown initiated...
2026-07-28 13:48:09.350 [Thread-84] INFO  com.zaxxer.hikari.HikariDataSource - HikariPool-22 - Shutdown completed.
2026-07-28 13:48:09.422 [restartedMain] INFO  com.example.test.TestApplication - Starting TestApplication using Java 21.0.11 with PID 24184 (C:\Users\ADMIN88\jvabackend\test\build\classes\java\main started by ADMIN88 in C:\Users\ADMIN88\jvabackend\test)
2026-07-28 13:48:09.422 [restartedMain] INFO  com.example.test.TestApplication - No active profile set, falling back to 1 default profile: "default"
2026-07-28 13:48:09.645 [restartedMain] INFO  com.zaxxer.hikari.HikariDataSource - HikariPool-23 - Starting...
2026-07-28 13:48:09.671 [restartedMain] INFO  com.zaxxer.hikari.pool.HikariPool - HikariPool-23 - Added connection org.postgresql.jdbc.PgConnection@77c538c0
2026-07-28 13:48:09.671 [restartedMain] INFO  com.zaxxer.hikari.HikariDataSource - HikariPool-23 - Start completed.
2026-07-28 13:48:10.086 [restartedMain] INFO  com.example.test.TestApplication - Started TestApplication in 0.68 seconds (process running for 7654.262)
2026-07-28 13:48:14.607 [Thread-88] INFO  com.zaxxer.hikari.HikariDataSource - HikariPool-23 - Shutdown initiated...
2026-07-28 13:48:14.609 [Thread-88] INFO  com.zaxxer.hikari.HikariDataSource - HikariPool-23 - Shutdown completed.
2026-07-28 13:48:14.704 [restartedMain] INFO  com.example.test.TestApplication - Starting TestApplication using Java 21.0.11 with PID 24184 (C:\Users\ADMIN88\jvabackend\test\build\classes\java\main started by ADMIN88 in C:\Users\ADMIN88\jvabackend\test)
2026-07-28 13:48:14.705 [restartedMain] INFO  com.example.test.TestApplication - No active profile set, falling back to 1 default profile: "default"
2026-07-28 13:48:15.290 [restartedMain] INFO  com.zaxxer.hikari.HikariDataSource - HikariPool-24 - Starting...
2026-07-28 13:48:15.323 [restartedMain] INFO  com.zaxxer.hikari.pool.HikariPool - HikariPool-24 - Added connection org.postgresql.jdbc.PgConnection@4e9295a4
2026-07-28 13:48:15.323 [restartedMain] INFO  com.zaxxer.hikari.HikariDataSource - HikariPool-24 - Start completed.
2026-07-28 13:48:16.022 [restartedMain] INFO  com.example.test.TestApplication - Started TestApplication in 1.351 seconds (process running for 7660.198)
2026-07-28 13:48:17.445 [Thread-92] INFO  com.zaxxer.hikari.HikariDataSource - HikariPool-24 - Shutdown initiated...
2026-07-28 13:48:17.449 [Thread-92] INFO  com.zaxxer.hikari.HikariDataSource - HikariPool-24 - Shutdown completed.
2026-07-28 13:48:17.557 [restartedMain] INFO  com.example.test.TestApplication - Starting TestApplication using Java 21.0.11 with PID 24184 (C:\Users\ADMIN88\jvabackend\test\build\classes\java\main started by ADMIN88 in C:\Users\ADMIN88\jvabackend\test)
2026-07-28 13:48:17.557 [restartedMain] INFO  com.example.test.TestApplication - No active profile set, falling back to 1 default profile: "default"
2026-07-28 13:48:18.099 [restartedMain] INFO  com.zaxxer.hikari.HikariDataSource - HikariPool-25 - Starting...
2026-07-28 13:48:18.134 [restartedMain] INFO  com.zaxxer.hikari.pool.HikariPool - HikariPool-25 - Added connection org.postgresql.jdbc.PgConnection@59ddb96e
2026-07-28 13:48:18.136 [restartedMain] INFO  com.zaxxer.hikari.HikariDataSource - HikariPool-25 - Start completed.
2026-07-28 13:48:18.848 [restartedMain] INFO  com.example.test.TestApplication - Started TestApplication in 1.33 seconds (process running for 7663.024)
2026-07-28 13:49:06.659 [Thread-96] INFO  com.zaxxer.hikari.HikariDataSource - HikariPool-25 - Shutdown initiated...
2026-07-28 13:49:06.662 [Thread-96] INFO  com.zaxxer.hikari.HikariDataSource - HikariPool-25 - Shutdown completed.
2026-07-28 13:49:06.763 [restartedMain] INFO  com.example.test.TestApplication - Starting TestApplication using Java 21.0.11 with PID 24184 (C:\Users\ADMIN88\jvabackend\test\build\classes\java\main started by ADMIN88 in C:\Users\ADMIN88\jvabackend\test)
2026-07-28 13:49:06.763 [restartedMain] INFO  com.example.test.TestApplication - No active profile set, falling back to 1 default profile: "default"
2026-07-28 13:49:07.302 [restartedMain] INFO  com.zaxxer.hikari.HikariDataSource - HikariPool-26 - Starting...
2026-07-28 13:49:07.328 [restartedMain] INFO  com.zaxxer.hikari.pool.HikariPool - HikariPool-26 - Added connection org.postgresql.jdbc.PgConnection@26b76db1
2026-07-28 13:49:07.328 [restartedMain] INFO  com.zaxxer.hikari.HikariDataSource - HikariPool-26 - Start completed.
2026-07-28 13:49:07.908 [restartedMain] INFO  com.example.test.TestApplication - Started TestApplication in 1.178 seconds (process running for 7712.084)
2026-07-28 13:57:51.771 [Thread-100] INFO  com.zaxxer.hikari.HikariDataSource - HikariPool-26 - Shutdown initiated...
2026-07-28 13:57:51.773 [Thread-100] INFO  com.zaxxer.hikari.HikariDataSource - HikariPool-26 - Shutdown completed.
2026-07-28 13:57:51.880 [restartedMain] INFO  com.example.test.TestApplication - Starting TestApplication using Java 21.0.11 with PID 24184 (C:\Users\ADMIN88\jvabackend\test\build\classes\java\main started by ADMIN88 in C:\Users\ADMIN88\jvabackend\test)
2026-07-28 13:57:51.881 [restartedMain] INFO  com.example.test.TestApplication - No active profile set, falling back to 1 default profile: "default"
2026-07-28 13:57:52.380 [restartedMain] INFO  com.zaxxer.hikari.HikariDataSource - HikariPool-27 - Starting...
2026-07-28 13:57:52.412 [restartedMain] INFO  com.zaxxer.hikari.pool.HikariPool - HikariPool-27 - Added connection org.postgresql.jdbc.PgConnection@3b15e478
2026-07-28 13:57:52.412 [restartedMain] INFO  com.zaxxer.hikari.HikariDataSource - HikariPool-27 - Start completed.
2026-07-28 13:57:53.011 [restartedMain] INFO  com.example.test.TestApplication - Started TestApplication in 1.169 seconds (process running for 8237.186)
2026-07-28 14:01:21.721 [Thread-104] INFO  com.zaxxer.hikari.HikariDataSource - HikariPool-27 - Shutdown initiated...
2026-07-28 14:01:21.723 [Thread-104] INFO  com.zaxxer.hikari.HikariDataSource - HikariPool-27 - Shutdown completed.
2026-07-28 14:01:21.828 [restartedMain] INFO  com.example.test.TestApplication - Starting TestApplication using Java 21.0.11 with PID 24184 (C:\Users\ADMIN88\jvabackend\test\build\classes\java\main started by ADMIN88 in C:\Users\ADMIN88\jvabackend\test)
2026-07-28 14:01:21.829 [restartedMain] INFO  com.example.test.TestApplication - No active profile set, falling back to 1 default profile: "default"
2026-07-28 14:01:22.362 [restartedMain] INFO  com.zaxxer.hikari.HikariDataSource - HikariPool-28 - Starting...
2026-07-28 14:01:22.387 [restartedMain] INFO  com.zaxxer.hikari.pool.HikariPool - HikariPool-28 - Added connection org.postgresql.jdbc.PgConnection@6b500320
2026-07-28 14:01:22.388 [restartedMain] INFO  com.zaxxer.hikari.HikariDataSource - HikariPool-28 - Start completed.
2026-07-28 14:01:23.103 [restartedMain] INFO  com.example.test.TestApplication - Started TestApplication in 1.318 seconds (process running for 8447.279)
2026-07-28 14:02:31.494 [SpringApplicationShutdownHook] INFO  com.zaxxer.hikari.HikariDataSource - HikariPool-28 - Shutdown initiated...
2026-07-28 14:02:31.495 [SpringApplicationShutdownHook] INFO  com.zaxxer.hikari.HikariDataSource - HikariPool-28 - Shutdown completed.
2026-07-28 14:02:38.773 [restartedMain] INFO  com.example.test.TestApplication - Starting TestApplication using Java 21.0.11 with PID 22524 (C:\Users\ADMIN88\jvabackend\test\build\classes\java\main started by ADMIN88 in C:\Users\ADMIN88\jvabackend\test)
2026-07-28 14:02:38.775 [restartedMain] INFO  com.example.test.TestApplication - No active profile set, falling back to 1 default profile: "default"
2026-07-28 14:02:40.444 [restartedMain] INFO  com.zaxxer.hikari.HikariDataSource - HikariPool-1 - Starting...
2026-07-28 14:02:40.519 [restartedMain] INFO  com.zaxxer.hikari.pool.HikariPool - HikariPool-1 - Added connection org.postgresql.jdbc.PgConnection@481af958
2026-07-28 14:02:40.520 [restartedMain] INFO  com.zaxxer.hikari.HikariDataSource - HikariPool-1 - Start completed.
2026-07-28 14:02:42.329 [restartedMain] INFO  com.example.test.TestApplication - Started TestApplication in 3.937 seconds (process running for 4.725)
2026-07-28 14:10:17.216 [Thread-1] INFO  com.zaxxer.hikari.HikariDataSource - HikariPool-1 - Shutdown initiated...
2026-07-28 14:10:17.221 [Thread-1] INFO  com.zaxxer.hikari.HikariDataSource - HikariPool-1 - Shutdown completed.
2026-07-28 14:10:17.333 [restartedMain] INFO  com.example.test.TestApplication - Starting TestApplication using Java 21.0.11 with PID 22524 (C:\Users\ADMIN88\jvabackend\test\build\classes\java\main started by ADMIN88 in C:\Users\ADMIN88\jvabackend\test)
2026-07-28 14:10:17.333 [restartedMain] INFO  com.example.test.TestApplication - No active profile set, falling back to 1 default profile: "default"
2026-07-28 14:10:17.894 [restartedMain] INFO  com.zaxxer.hikari.HikariDataSource - HikariPool-2 - Starting...
2026-07-28 14:10:17.925 [restartedMain] INFO  com.zaxxer.hikari.pool.HikariPool - HikariPool-2 - Added connection org.postgresql.jdbc.PgConnection@4cc04ac6
2026-07-28 14:10:17.925 [restartedMain] INFO  com.zaxxer.hikari.HikariDataSource - HikariPool-2 - Start completed.
2026-07-28 14:10:18.054 [restartedMain] INFO  com.zaxxer.hikari.HikariDataSource - HikariPool-2 - Shutdown initiated...
2026-07-28 14:10:18.098 [restartedMain] INFO  com.zaxxer.hikari.HikariDataSource - HikariPool-2 - Shutdown completed.
2026-07-28 14:10:19.620 [restartedMain] INFO  com.example.test.TestApplication - Starting TestApplication using Java 21.0.11 with PID 22524 (C:\Users\ADMIN88\jvabackend\test\build\classes\java\main started by ADMIN88 in C:\Users\ADMIN88\jvabackend\test)
2026-07-28 14:10:19.620 [restartedMain] INFO  com.example.test.TestApplication - No active profile set, falling back to 1 default profile: "default"
2026-07-28 14:10:20.105 [restartedMain] INFO  com.zaxxer.hikari.HikariDataSource - HikariPool-3 - Starting...
2026-07-28 14:10:20.129 [restartedMain] INFO  com.zaxxer.hikari.pool.HikariPool - HikariPool-3 - Added connection org.postgresql.jdbc.PgConnection@77d7162b
2026-07-28 14:10:20.129 [restartedMain] INFO  com.zaxxer.hikari.HikariDataSource - HikariPool-3 - Start completed.
2026-07-28 14:10:20.533 [restartedMain] INFO  com.example.test.TestApplication - Started TestApplication in 0.959 seconds (process running for 462.928)
2026-07-28 14:11:22.756 [Thread-5] INFO  com.zaxxer.hikari.HikariDataSource - HikariPool-3 - Shutdown initiated...
2026-07-28 14:11:22.760 [Thread-5] INFO  com.zaxxer.hikari.HikariDataSource - HikariPool-3 - Shutdown completed.
2026-07-28 14:11:22.887 [restartedMain] INFO  com.example.test.TestApplication - Starting TestApplication using Java 21.0.11 with PID 22524 (C:\Users\ADMIN88\jvabackend\test\build\classes\java\main started by ADMIN88 in C:\Users\ADMIN88\jvabackend\test)
2026-07-28 14:11:22.889 [restartedMain] INFO  com.example.test.TestApplication - No active profile set, falling back to 1 default profile: "default"
2026-07-28 14:11:23.466 [restartedMain] INFO  com.zaxxer.hikari.HikariDataSource - HikariPool-4 - Starting...
2026-07-28 14:11:23.498 [restartedMain] INFO  com.zaxxer.hikari.pool.HikariPool - HikariPool-4 - Added connection org.postgresql.jdbc.PgConnection@23de67f4
2026-07-28 14:11:23.498 [restartedMain] INFO  com.zaxxer.hikari.HikariDataSource - HikariPool-4 - Start completed.
2026-07-28 14:11:24.241 [restartedMain] INFO  com.example.test.TestApplication - Started TestApplication in 1.404 seconds (process running for 526.636)
2026-07-28 14:12:58.987 [Thread-12] INFO  com.zaxxer.hikari.HikariDataSource - HikariPool-4 - Shutdown initiated...
2026-07-28 14:12:58.994 [Thread-12] INFO  com.zaxxer.hikari.HikariDataSource - HikariPool-4 - Shutdown completed.
2026-07-28 14:12:59.094 [restartedMain] INFO  com.example.test.TestApplication - Starting TestApplication using Java 21.0.11 with PID 22524 (C:\Users\ADMIN88\jvabackend\test\build\classes\java\main started by ADMIN88 in C:\Users\ADMIN88\jvabackend\test)
2026-07-28 14:12:59.094 [restartedMain] INFO  com.example.test.TestApplication - No active profile set, falling back to 1 default profile: "default"
2026-07-28 14:12:59.506 [restartedMain] INFO  com.zaxxer.hikari.HikariDataSource - HikariPool-5 - Starting...
2026-07-28 14:12:59.639 [restartedMain] INFO  com.zaxxer.hikari.pool.HikariPool - HikariPool-5 - Added connection org.postgresql.jdbc.PgConnection@7e5c67e6
2026-07-28 14:12:59.640 [restartedMain] INFO  com.zaxxer.hikari.HikariDataSource - HikariPool-5 - Start completed.
2026-07-28 14:12:59.721 [restartedMain] INFO  com.zaxxer.hikari.HikariDataSource - HikariPool-5 - Shutdown initiated...
2026-07-28 14:12:59.722 [restartedMain] INFO  com.zaxxer.hikari.HikariDataSource - HikariPool-5 - Shutdown completed.
2026-07-28 14:13:01.646 [restartedMain] INFO  com.example.test.TestApplication - Starting TestApplication using Java 21.0.11 with PID 22524 (C:\Users\ADMIN88\jvabackend\test\build\classes\java\main started by ADMIN88 in C:\Users\ADMIN88\jvabackend\test)
2026-07-28 14:13:01.646 [restartedMain] INFO  com.example.test.TestApplication - No active profile set, falling back to 1 default profile: "default"
2026-07-28 14:13:02.108 [restartedMain] INFO  com.zaxxer.hikari.HikariDataSource - HikariPool-6 - Starting...
2026-07-28 14:13:02.133 [restartedMain] INFO  com.zaxxer.hikari.pool.HikariPool - HikariPool-6 - Added connection org.postgresql.jdbc.PgConnection@b27aba4
2026-07-28 14:13:02.133 [restartedMain] INFO  com.zaxxer.hikari.HikariDataSource - HikariPool-6 - Start completed.
2026-07-28 14:13:02.812 [restartedMain] INFO  com.example.test.TestApplication - Started TestApplication in 1.194 seconds (process running for 625.208)
2026-07-28 14:13:39.051 [Thread-16] INFO  com.zaxxer.hikari.HikariDataSource - HikariPool-6 - Shutdown initiated...
2026-07-28 14:13:39.063 [Thread-16] INFO  com.zaxxer.hikari.HikariDataSource - HikariPool-6 - Shutdown completed.
2026-07-28 14:13:39.181 [restartedMain] INFO  com.example.test.TestApplication - Starting TestApplication using Java 21.0.11 with PID 22524 (C:\Users\ADMIN88\jvabackend\test\build\classes\java\main started by ADMIN88 in C:\Users\ADMIN88\jvabackend\test)
2026-07-28 14:13:39.181 [restartedMain] INFO  com.example.test.TestApplication - No active profile set, falling back to 1 default profile: "default"
2026-07-28 14:13:39.651 [restartedMain] INFO  com.zaxxer.hikari.HikariDataSource - HikariPool-7 - Starting...
2026-07-28 14:13:39.676 [restartedMain] INFO  com.zaxxer.hikari.pool.HikariPool - HikariPool-7 - Added connection org.postgresql.jdbc.PgConnection@76a9b532
2026-07-28 14:13:39.677 [restartedMain] INFO  com.zaxxer.hikari.HikariDataSource - HikariPool-7 - Start completed.
2026-07-28 14:13:40.370 [restartedMain] INFO  com.example.test.TestApplication - Started TestApplication in 1.238 seconds (process running for 662.766)
2026-07-28 14:14:24.089 [Thread-23] INFO  com.zaxxer.hikari.HikariDataSource - HikariPool-7 - Shutdown initiated...
2026-07-28 14:14:24.091 [Thread-23] INFO  com.zaxxer.hikari.HikariDataSource - HikariPool-7 - Shutdown completed.
2026-07-28 14:14:24.173 [restartedMain] INFO  com.example.test.TestApplication - Starting TestApplication using Java 21.0.11 with PID 22524 (C:\Users\ADMIN88\jvabackend\test\build\classes\java\main started by ADMIN88 in C:\Users\ADMIN88\jvabackend\test)
2026-07-28 14:14:24.173 [restartedMain] INFO  com.example.test.TestApplication - No active profile set, falling back to 1 default profile: "default"
2026-07-28 14:14:24.543 [restartedMain] INFO  com.zaxxer.hikari.HikariDataSource - HikariPool-8 - Starting...
2026-07-28 14:14:24.580 [restartedMain] INFO  com.zaxxer.hikari.pool.HikariPool - HikariPool-8 - Added connection org.postgresql.jdbc.PgConnection@7e8fef61
2026-07-28 14:14:24.581 [restartedMain] INFO  com.zaxxer.hikari.HikariDataSource - HikariPool-8 - Start completed.
2026-07-28 14:14:25.247 [restartedMain] INFO  com.example.test.TestApplication - Started TestApplication in 1.098 seconds (process running for 707.643)
2026-07-28 14:16:04.946 [Thread-27] INFO  com.zaxxer.hikari.HikariDataSource - HikariPool-8 - Shutdown initiated...
2026-07-28 14:16:04.953 [Thread-27] INFO  com.zaxxer.hikari.HikariDataSource - HikariPool-8 - Shutdown completed.
2026-07-28 14:16:05.103 [restartedMain] INFO  com.example.test.TestApplication - Starting TestApplication using Java 21.0.11 with PID 22524 (C:\Users\ADMIN88\jvabackend\test\build\classes\java\main started by ADMIN88 in C:\Users\ADMIN88\jvabackend\test)
2026-07-28 14:16:05.104 [restartedMain] INFO  com.example.test.TestApplication - No active profile set, falling back to 1 default profile: "default"
2026-07-28 14:16:05.552 [restartedMain] INFO  com.zaxxer.hikari.HikariDataSource - HikariPool-9 - Starting...
2026-07-28 14:16:05.575 [restartedMain] INFO  com.zaxxer.hikari.pool.HikariPool - HikariPool-9 - Added connection org.postgresql.jdbc.PgConnection@266c080a
2026-07-28 14:16:05.576 [restartedMain] INFO  com.zaxxer.hikari.HikariDataSource - HikariPool-9 - Start completed.
2026-07-28 14:16:06.191 [restartedMain] INFO  com.example.test.TestApplication - Started TestApplication in 1.149 seconds (process running for 808.587)
2026-07-28 14:21:44.841 [Thread-31] INFO  com.zaxxer.hikari.HikariDataSource - HikariPool-9 - Shutdown initiated...
2026-07-28 14:21:44.845 [Thread-31] INFO  com.zaxxer.hikari.HikariDataSource - HikariPool-9 - Shutdown completed.
2026-07-28 14:21:44.967 [restartedMain] INFO  com.example.test.TestApplication - Starting TestApplication using Java 21.0.11 with PID 22524 (C:\Users\ADMIN88\jvabackend\test\build\classes\java\main started by ADMIN88 in C:\Users\ADMIN88\jvabackend\test)
2026-07-28 14:21:44.968 [restartedMain] INFO  com.example.test.TestApplication - No active profile set, falling back to 1 default profile: "default"
2026-07-28 14:21:45.706 [restartedMain] INFO  com.zaxxer.hikari.HikariDataSource - HikariPool-10 - Starting...
2026-07-28 14:21:45.732 [restartedMain] INFO  com.zaxxer.hikari.pool.HikariPool - HikariPool-10 - Added connection org.postgresql.jdbc.PgConnection@5687b41b
2026-07-28 14:21:45.733 [restartedMain] INFO  com.zaxxer.hikari.HikariDataSource - HikariPool-10 - Start completed.
2026-07-28 14:21:46.480 [restartedMain] INFO  com.example.test.TestApplication - Started TestApplication in 1.559 seconds (process running for 1148.875)
2026-07-28 14:23:52.724 [Thread-35] INFO  com.zaxxer.hikari.HikariDataSource - HikariPool-10 - Shutdown initiated...
2026-07-28 14:23:52.726 [Thread-35] INFO  com.zaxxer.hikari.HikariDataSource - HikariPool-10 - Shutdown completed.
2026-07-28 14:23:52.786 [restartedMain] INFO  com.example.test.TestApplication - Starting TestApplication using Java 21.0.11 with PID 22524 (C:\Users\ADMIN88\jvabackend\test\build\classes\java\main started by ADMIN88 in C:\Users\ADMIN88\jvabackend\test)
2026-07-28 14:23:52.786 [restartedMain] INFO  com.example.test.TestApplication - No active profile set, falling back to 1 default profile: "default"
2026-07-28 14:23:53.079 [restartedMain] INFO  com.zaxxer.hikari.HikariDataSource - HikariPool-11 - Starting...
2026-07-28 14:23:53.112 [restartedMain] INFO  com.zaxxer.hikari.pool.HikariPool - HikariPool-11 - Added connection org.postgresql.jdbc.PgConnection@431e963
2026-07-28 14:23:53.112 [restartedMain] INFO  com.zaxxer.hikari.HikariDataSource - HikariPool-11 - Start completed.
2026-07-28 14:23:53.469 [restartedMain] INFO  com.example.test.TestApplication - Started TestApplication in 0.7 seconds (process running for 1275.865)
2026-07-28 14:24:29.127 [Thread-39] INFO  com.zaxxer.hikari.HikariDataSource - HikariPool-11 - Shutdown initiated...
2026-07-28 14:24:29.129 [Thread-39] INFO  com.zaxxer.hikari.HikariDataSource - HikariPool-11 - Shutdown completed.
2026-07-28 14:24:29.194 [restartedMain] INFO  com.example.test.TestApplication - Starting TestApplication using Java 21.0.11 with PID 22524 (C:\Users\ADMIN88\jvabackend\test\build\classes\java\main started by ADMIN88 in C:\Users\ADMIN88\jvabackend\test)
2026-07-28 14:24:29.194 [restartedMain] INFO  com.example.test.TestApplication - No active profile set, falling back to 1 default profile: "default"
2026-07-28 14:24:29.449 [restartedMain] INFO  com.zaxxer.hikari.HikariDataSource - HikariPool-12 - Starting...
2026-07-28 14:24:29.473 [restartedMain] INFO  com.zaxxer.hikari.pool.HikariPool - HikariPool-12 - Added connection org.postgresql.jdbc.PgConnection@73b60329
2026-07-28 14:24:29.473 [restartedMain] INFO  com.zaxxer.hikari.HikariDataSource - HikariPool-12 - Start completed.
2026-07-28 14:24:29.799 [restartedMain] INFO  com.example.test.TestApplication - Started TestApplication in 0.627 seconds (process running for 1312.194)
2026-07-28 14:27:08.648 [Thread-43] INFO  com.zaxxer.hikari.HikariDataSource - HikariPool-12 - Shutdown initiated...
2026-07-28 14:27:08.651 [Thread-43] INFO  com.zaxxer.hikari.HikariDataSource - HikariPool-12 - Shutdown completed.
2026-07-28 14:27:08.706 [restartedMain] INFO  com.example.test.TestApplication - Starting TestApplication using Java 21.0.11 with PID 22524 (C:\Users\ADMIN88\jvabackend\test\build\classes\java\main started by ADMIN88 in C:\Users\ADMIN88\jvabackend\test)
2026-07-28 14:27:08.706 [restartedMain] INFO  com.example.test.TestApplication - No active profile set, falling back to 1 default profile: "default"
2026-07-28 14:27:08.930 [restartedMain] INFO  com.zaxxer.hikari.HikariDataSource - HikariPool-13 - Starting...
2026-07-28 14:27:08.955 [restartedMain] INFO  com.zaxxer.hikari.pool.HikariPool - HikariPool-13 - Added connection org.postgresql.jdbc.PgConnection@17285784
2026-07-28 14:27:08.955 [restartedMain] INFO  com.zaxxer.hikari.HikariDataSource - HikariPool-13 - Start completed.
2026-07-28 14:27:09.318 [restartedMain] INFO  com.example.test.TestApplication - Started TestApplication in 0.628 seconds (process running for 1471.714)
2026-07-28 14:27:37.275 [Thread-47] INFO  com.zaxxer.hikari.HikariDataSource - HikariPool-13 - Shutdown initiated...
2026-07-28 14:27:37.277 [Thread-47] INFO  com.zaxxer.hikari.HikariDataSource - HikariPool-13 - Shutdown completed.
2026-07-28 14:27:37.338 [restartedMain] INFO  com.example.test.TestApplication - Starting TestApplication using Java 21.0.11 with PID 22524 (C:\Users\ADMIN88\jvabackend\test\build\classes\java\main started by ADMIN88 in C:\Users\ADMIN88\jvabackend\test)
2026-07-28 14:27:37.338 [restartedMain] INFO  com.example.test.TestApplication - No active profile set, falling back to 1 default profile: "default"
2026-07-28 14:27:37.556 [restartedMain] INFO  com.zaxxer.hikari.HikariDataSource - HikariPool-14 - Starting...
2026-07-28 14:27:37.579 [restartedMain] INFO  com.zaxxer.hikari.pool.HikariPool - HikariPool-14 - Added connection org.postgresql.jdbc.PgConnection@36f9676b
2026-07-28 14:27:37.579 [restartedMain] INFO  com.zaxxer.hikari.HikariDataSource - HikariPool-14 - Start completed.
2026-07-28 14:27:37.935 [restartedMain] INFO  com.example.test.TestApplication - Started TestApplication in 0.61 seconds (process running for 1500.331)
2026-07-28 14:28:25.065 [SpringApplicationShutdownHook] INFO  com.zaxxer.hikari.HikariDataSource - HikariPool-14 - Shutdown initiated...
2026-07-28 14:28:25.066 [SpringApplicationShutdownHook] INFO  com.zaxxer.hikari.HikariDataSource - HikariPool-14 - Shutdown completed.
2026-07-28 14:37:25.385 [restartedMain] INFO  com.example.test.TestApplication - Starting TestApplication using Java 21.0.11 with PID 24760 (C:\Users\ADMIN88\jvabackend\test\build\classes\java\main started by ADMIN88 in C:\Users\ADMIN88\jvabackend\test)
2026-07-28 14:37:25.388 [restartedMain] INFO  com.example.test.TestApplication - No active profile set, falling back to 1 default profile: "default"
2026-07-28 14:37:26.847 [restartedMain] INFO  com.zaxxer.hikari.HikariDataSource - HikariPool-1 - Starting...
2026-07-28 14:37:26.939 [restartedMain] INFO  com.zaxxer.hikari.pool.HikariPool - HikariPool-1 - Added connection org.postgresql.jdbc.PgConnection@70dca3e6
2026-07-28 14:37:26.940 [restartedMain] INFO  com.zaxxer.hikari.HikariDataSource - HikariPool-1 - Start completed.
2026-07-28 14:37:28.611 [restartedMain] INFO  com.example.test.TestApplication - Started TestApplication in 3.615 seconds (process running for 4.322)
2026-07-28 14:37:34.057 [http-nio-8080-exec-4] INFO  c.e.test.controllers.AuthController - Attempting login for user: nhanvien01
2026-07-28 14:37:42.762 [http-nio-8080-exec-2] INFO  c.e.test.controllers.UserController - Fetching all users
2026-07-28 14:38:12.610 [http-nio-8080-exec-3] INFO  c.e.test.controllers.UserController - Fetching all users
2026-07-28 14:47:41.723 [http-nio-8080-exec-1] INFO  c.e.test.controllers.UserController - Received request to add new user: UserReq(fullName=Test , code=null, email=test@gmail.com, phoneNumber=0987654321, dateOfBirth=2002-05-20, roles=[1])
2026-07-28 14:47:41.744 [http-nio-8080-exec-1] INFO  c.e.t.m.s.impl.UserServiceImpl - Creating new user entity to database for full name: Test 
2026-07-28 14:49:30.703 [Thread-1] INFO  com.zaxxer.hikari.HikariDataSource - HikariPool-1 - Shutdown initiated...
2026-07-28 14:49:30.715 [Thread-1] INFO  com.zaxxer.hikari.HikariDataSource - HikariPool-1 - Shutdown completed.
2026-07-28 14:49:30.864 [restartedMain] INFO  com.example.test.TestApplication - Starting TestApplication using Java 21.0.11 with PID 24760 (C:\Users\ADMIN88\jvabackend\test\build\classes\java\main started by ADMIN88 in C:\Users\ADMIN88\jvabackend\test)
2026-07-28 14:49:30.864 [restartedMain] INFO  com.example.test.TestApplication - No active profile set, falling back to 1 default profile: "default"
2026-07-28 14:49:31.583 [restartedMain] INFO  com.zaxxer.hikari.HikariDataSource - HikariPool-2 - Starting...
2026-07-28 14:49:31.616 [restartedMain] INFO  com.zaxxer.hikari.pool.HikariPool - HikariPool-2 - Added connection org.postgresql.jdbc.PgConnection@359895f8
2026-07-28 14:49:31.617 [restartedMain] INFO  com.zaxxer.hikari.HikariDataSource - HikariPool-2 - Start completed.
2026-07-28 14:49:31.888 [restartedMain] INFO  com.zaxxer.hikari.HikariDataSource - HikariPool-2 - Shutdown initiated...
2026-07-28 14:49:31.899 [restartedMain] INFO  com.zaxxer.hikari.HikariDataSource - HikariPool-2 - Shutdown completed.
2026-07-28 14:49:33.435 [restartedMain] INFO  com.example.test.TestApplication - Starting TestApplication using Java 21.0.11 with PID 24760 (C:\Users\ADMIN88\jvabackend\test\build\classes\java\main started by ADMIN88 in C:\Users\ADMIN88\jvabackend\test)
2026-07-28 14:49:33.435 [restartedMain] INFO  com.example.test.TestApplication - No active profile set, falling back to 1 default profile: "default"
2026-07-28 14:49:33.921 [restartedMain] INFO  com.zaxxer.hikari.HikariDataSource - HikariPool-3 - Starting...
2026-07-28 14:49:33.946 [restartedMain] INFO  com.zaxxer.hikari.pool.HikariPool - HikariPool-3 - Added connection org.postgresql.jdbc.PgConnection@b91485f
2026-07-28 14:49:33.946 [restartedMain] INFO  com.zaxxer.hikari.HikariDataSource - HikariPool-3 - Start completed.
2026-07-28 14:49:34.809 [restartedMain] INFO  com.example.test.TestApplication - Started TestApplication in 1.421 seconds (process running for 730.519)
2026-07-28 14:51:02.341 [http-nio-8080-exec-1] INFO  c.e.t.m.s.impl.RoleServiceImpl - Deleting role record with ID: 3
2026-07-28 14:51:19.184 [http-nio-8080-exec-2] INFO  c.e.t.m.s.impl.RoleServiceImpl - Deleting role record with ID: 3
2026-07-28 14:51:27.007 [http-nio-8080-exec-4] INFO  c.e.t.m.s.impl.RoleServiceImpl - Deleting role record with ID: 4
2026-07-28 14:51:27.013 [http-nio-8080-exec-4] INFO  c.e.test.controllers.RoleController - Deleting role with ID: 4
2026-07-28 14:51:34.618 [http-nio-8080-exec-5] INFO  c.e.t.m.s.impl.RoleServiceImpl - Deleting role record with ID: 3
2026-07-28 14:53:10.369 [Thread-5] INFO  com.zaxxer.hikari.HikariDataSource - HikariPool-3 - Shutdown initiated...
2026-07-28 14:53:10.375 [Thread-5] INFO  com.zaxxer.hikari.HikariDataSource - HikariPool-3 - Shutdown completed.
2026-07-28 14:53:10.501 [restartedMain] INFO  com.example.test.TestApplication - Starting TestApplication using Java 21.0.11 with PID 24760 (C:\Users\ADMIN88\jvabackend\test\build\classes\java\main started by ADMIN88 in C:\Users\ADMIN88\jvabackend\test)
2026-07-28 14:53:10.501 [restartedMain] INFO  com.example.test.TestApplication - No active profile set, falling back to 1 default profile: "default"
2026-07-28 14:53:11.185 [restartedMain] INFO  com.zaxxer.hikari.HikariDataSource - HikariPool-4 - Starting...
2026-07-28 14:53:11.230 [restartedMain] INFO  com.zaxxer.hikari.pool.HikariPool - HikariPool-4 - Added connection org.postgresql.jdbc.PgConnection@283ec60f
2026-07-28 14:53:11.231 [restartedMain] INFO  com.zaxxer.hikari.HikariDataSource - HikariPool-4 - Start completed.
2026-07-28 14:53:11.791 [restartedMain] INFO  com.example.test.TestApplication - Started TestApplication in 1.347 seconds (process running for 947.5)
2026-07-28 14:54:59.454 [http-nio-8080-exec-4] INFO  c.e.t.m.s.impl.RoleServiceImpl - Deleting role record with ID: 3
2026-07-28 14:56:19.435 [Thread-12] INFO  com.zaxxer.hikari.HikariDataSource - HikariPool-4 - Shutdown initiated...
2026-07-28 14:56:19.437 [Thread-12] INFO  com.zaxxer.hikari.HikariDataSource - HikariPool-4 - Shutdown completed.
2026-07-28 14:56:19.526 [restartedMain] INFO  com.example.test.TestApplication - Starting TestApplication using Java 21.0.11 with PID 24760 (C:\Users\ADMIN88\jvabackend\test\build\classes\java\main started by ADMIN88 in C:\Users\ADMIN88\jvabackend\test)
2026-07-28 14:56:19.526 [restartedMain] INFO  com.example.test.TestApplication - No active profile set, falling back to 1 default profile: "default"
2026-07-28 14:56:20.117 [restartedMain] INFO  com.zaxxer.hikari.HikariDataSource - HikariPool-5 - Starting...
2026-07-28 14:56:20.144 [restartedMain] INFO  com.zaxxer.hikari.pool.HikariPool - HikariPool-5 - Added connection org.postgresql.jdbc.PgConnection@21def906
2026-07-28 14:56:20.145 [restartedMain] INFO  com.zaxxer.hikari.HikariDataSource - HikariPool-5 - Start completed.
2026-07-28 14:56:20.853 [restartedMain] INFO  com.example.test.TestApplication - Started TestApplication in 1.366 seconds (process running for 1136.563)
2026-07-28 14:56:22.288 [Thread-16] INFO  com.zaxxer.hikari.HikariDataSource - HikariPool-5 - Shutdown initiated...
2026-07-28 14:56:22.291 [Thread-16] INFO  com.zaxxer.hikari.HikariDataSource - HikariPool-5 - Shutdown completed.
2026-07-28 14:56:22.374 [restartedMain] INFO  com.example.test.TestApplication - Starting TestApplication using Java 21.0.11 with PID 24760 (C:\Users\ADMIN88\jvabackend\test\build\classes\java\main started by ADMIN88 in C:\Users\ADMIN88\jvabackend\test)
2026-07-28 14:56:22.374 [restartedMain] INFO  com.example.test.TestApplication - No active profile set, falling back to 1 default profile: "default"
2026-07-28 14:56:22.841 [restartedMain] INFO  com.zaxxer.hikari.HikariDataSource - HikariPool-6 - Starting...
2026-07-28 14:56:22.866 [restartedMain] INFO  com.zaxxer.hikari.pool.HikariPool - HikariPool-6 - Added connection org.postgresql.jdbc.PgConnection@2a189a81
2026-07-28 14:56:22.866 [restartedMain] INFO  com.zaxxer.hikari.HikariDataSource - HikariPool-6 - Start completed.
2026-07-28 14:56:23.557 [restartedMain] INFO  com.example.test.TestApplication - Started TestApplication in 1.216 seconds (process running for 1139.266)
2026-07-28 14:57:34.542 [http-nio-8080-exec-2] INFO  c.e.test.controllers.UserController - Updating user with ID: 1
2026-07-28 14:57:34.547 [http-nio-8080-exec-2] INFO  c.e.t.m.s.impl.UserServiceImpl - Updating user record with ID: 1
2026-07-28 14:57:54.819 [http-nio-8080-exec-4] INFO  c.e.t.m.s.impl.RoleServiceImpl - Deleting role record with ID: 3
2026-07-28 14:57:54.823 [http-nio-8080-exec-4] INFO  c.e.test.controllers.RoleController - Deleting role with ID: 3
2026-07-28 15:00:50.412 [Thread-20] INFO  com.zaxxer.hikari.HikariDataSource - HikariPool-6 - Shutdown initiated...
2026-07-28 15:00:50.414 [Thread-20] INFO  com.zaxxer.hikari.HikariDataSource - HikariPool-6 - Shutdown completed.
2026-07-28 15:00:50.499 [restartedMain] INFO  com.example.test.TestApplication - Starting TestApplication using Java 21.0.11 with PID 24760 (C:\Users\ADMIN88\jvabackend\test\build\classes\java\main started by ADMIN88 in C:\Users\ADMIN88\jvabackend\test)
2026-07-28 15:00:50.499 [restartedMain] INFO  com.example.test.TestApplication - No active profile set, falling back to 1 default profile: "default"
2026-07-28 15:00:50.729 [restartedMain] INFO  com.zaxxer.hikari.HikariDataSource - HikariPool-7 - Starting...
2026-07-28 15:00:50.755 [restartedMain] INFO  com.zaxxer.hikari.pool.HikariPool - HikariPool-7 - Added connection org.postgresql.jdbc.PgConnection@589b85cd
2026-07-28 15:00:50.755 [restartedMain] INFO  com.zaxxer.hikari.HikariDataSource - HikariPool-7 - Start completed.
2026-07-28 15:00:51.292 [restartedMain] INFO  com.example.test.TestApplication - Started TestApplication in 0.826 seconds (process running for 1407.003)
2026-07-28 15:00:57.973 [http-nio-8080-exec-3] INFO  c.e.test.controllers.UserController - Fetching all users
2026-07-28 15:02:58.649 [http-nio-8080-exec-5] INFO  c.e.test.controllers.AuthController - Attempting login for user: nhanvien02
2026-07-28 15:03:30.427 [Thread-24] INFO  com.zaxxer.hikari.HikariDataSource - HikariPool-7 - Shutdown initiated...
2026-07-28 15:03:30.429 [Thread-24] INFO  com.zaxxer.hikari.HikariDataSource - HikariPool-7 - Shutdown completed.
2026-07-28 15:03:30.501 [restartedMain] INFO  com.example.test.TestApplication - Starting TestApplication using Java 21.0.11 with PID 24760 (C:\Users\ADMIN88\jvabackend\test\build\classes\java\main started by ADMIN88 in C:\Users\ADMIN88\jvabackend\test)
2026-07-28 15:03:30.502 [restartedMain] INFO  com.example.test.TestApplication - No active profile set, falling back to 1 default profile: "default"
2026-07-28 15:03:30.765 [restartedMain] INFO  com.zaxxer.hikari.HikariDataSource - HikariPool-8 - Starting...
2026-07-28 15:03:30.802 [restartedMain] INFO  com.zaxxer.hikari.pool.HikariPool - HikariPool-8 - Added connection org.postgresql.jdbc.PgConnection@771ed7ec
2026-07-28 15:03:30.802 [restartedMain] INFO  com.zaxxer.hikari.HikariDataSource - HikariPool-8 - Start completed.
2026-07-28 15:03:31.186 [restartedMain] INFO  com.zaxxer.hikari.HikariDataSource - HikariPool-8 - Shutdown initiated...
2026-07-28 15:03:31.236 [restartedMain] INFO  com.zaxxer.hikari.HikariDataSource - HikariPool-8 - Shutdown completed.
2026-07-28 15:03:53.319 [restartedMain] INFO  com.example.test.TestApplication - Starting TestApplication using Java 21.0.11 with PID 16264 (C:\Users\ADMIN88\jvabackend\test\build\classes\java\main started by ADMIN88 in C:\Users\ADMIN88\jvabackend\test)
2026-07-28 15:03:53.321 [restartedMain] INFO  com.example.test.TestApplication - No active profile set, falling back to 1 default profile: "default"
2026-07-28 15:03:55.098 [restartedMain] INFO  com.zaxxer.hikari.HikariDataSource - HikariPool-1 - Starting...
2026-07-28 15:03:55.194 [restartedMain] INFO  com.zaxxer.hikari.pool.HikariPool - HikariPool-1 - Added connection org.postgresql.jdbc.PgConnection@3730964d
2026-07-28 15:03:55.195 [restartedMain] INFO  com.zaxxer.hikari.HikariDataSource - HikariPool-1 - Start completed.
2026-07-28 15:03:57.032 [restartedMain] INFO  com.zaxxer.hikari.HikariDataSource - HikariPool-1 - Shutdown initiated...
2026-07-28 15:03:57.037 [restartedMain] INFO  com.zaxxer.hikari.HikariDataSource - HikariPool-1 - Shutdown completed.
2026-07-28 15:05:46.409 [restartedMain] INFO  com.example.test.TestApplication - Starting TestApplication using Java 21.0.11 with PID 14596 (C:\Users\ADMIN88\jvabackend\test\build\classes\java\main started by ADMIN88 in C:\Users\ADMIN88\jvabackend\test)
2026-07-28 15:05:46.412 [restartedMain] INFO  com.example.test.TestApplication - No active profile set, falling back to 1 default profile: "default"
2026-07-28 15:05:48.123 [restartedMain] INFO  com.zaxxer.hikari.HikariDataSource - HikariPool-1 - Starting...
2026-07-28 15:05:48.220 [restartedMain] INFO  com.zaxxer.hikari.pool.HikariPool - HikariPool-1 - Added connection org.postgresql.jdbc.PgConnection@a71caa5
2026-07-28 15:05:48.221 [restartedMain] INFO  com.zaxxer.hikari.HikariDataSource - HikariPool-1 - Start completed.
2026-07-28 15:05:50.797 [restartedMain] INFO  com.example.test.TestApplication - Started TestApplication in 4.828 seconds (process running for 5.271)
2026-07-28 15:05:51.024 [http-nio-8080-exec-3] INFO  c.e.test.controllers.AuthController - Attempting login for user: nhanvien02
2026-07-28 15:06:13.685 [Thread-1] INFO  com.zaxxer.hikari.HikariDataSource - HikariPool-1 - Shutdown initiated...
2026-07-28 15:06:13.687 [Thread-1] INFO  com.zaxxer.hikari.HikariDataSource - HikariPool-1 - Shutdown completed.
2026-07-28 15:06:13.771 [restartedMain] INFO  com.example.test.TestApplication - Starting TestApplication using Java 21.0.11 with PID 14596 (C:\Users\ADMIN88\jvabackend\test\build\classes\java\main started by ADMIN88 in C:\Users\ADMIN88\jvabackend\test)
2026-07-28 15:06:13.771 [restartedMain] INFO  com.example.test.TestApplication - No active profile set, falling back to 1 default profile: "default"
2026-07-28 15:06:14.480 [restartedMain] INFO  com.zaxxer.hikari.HikariDataSource - HikariPool-2 - Starting...
2026-07-28 15:06:14.617 [restartedMain] INFO  com.zaxxer.hikari.pool.HikariPool - HikariPool-2 - Added connection org.postgresql.jdbc.PgConnection@7b4e1686
2026-07-28 15:06:14.617 [restartedMain] INFO  com.zaxxer.hikari.HikariDataSource - HikariPool-2 - Start completed.
2026-07-28 15:06:14.911 [restartedMain] INFO  com.zaxxer.hikari.HikariDataSource - HikariPool-2 - Shutdown initiated...
2026-07-28 15:06:14.985 [restartedMain] INFO  com.zaxxer.hikari.HikariDataSource - HikariPool-2 - Shutdown completed.
2026-07-28 15:06:16.469 [restartedMain] INFO  com.example.test.TestApplication - Starting TestApplication using Java 21.0.11 with PID 14596 (C:\Users\ADMIN88\jvabackend\test\build\classes\java\main started by ADMIN88 in C:\Users\ADMIN88\jvabackend\test)
2026-07-28 15:06:16.469 [restartedMain] INFO  com.example.test.TestApplication - No active profile set, falling back to 1 default profile: "default"
2026-07-28 15:06:16.813 [restartedMain] INFO  com.zaxxer.hikari.HikariDataSource - HikariPool-3 - Starting...
2026-07-28 15:06:16.843 [restartedMain] INFO  com.zaxxer.hikari.pool.HikariPool - HikariPool-3 - Added connection org.postgresql.jdbc.PgConnection@1010e402
2026-07-28 15:06:16.843 [restartedMain] INFO  com.zaxxer.hikari.HikariDataSource - HikariPool-3 - Start completed.
2026-07-28 15:06:17.113 [restartedMain] INFO  com.zaxxer.hikari.HikariDataSource - HikariPool-3 - Shutdown initiated...
2026-07-28 15:06:17.132 [restartedMain] INFO  com.zaxxer.hikari.HikariDataSource - HikariPool-3 - Shutdown completed.
2026-07-28 15:06:33.251 [restartedMain] INFO  com.example.test.TestApplication - Starting TestApplication using Java 21.0.11 with PID 17112 (C:\Users\ADMIN88\jvabackend\test\build\classes\java\main started by ADMIN88 in C:\Users\ADMIN88\jvabackend\test)
2026-07-28 15:06:33.252 [restartedMain] INFO  com.example.test.TestApplication - No active profile set, falling back to 1 default profile: "default"
2026-07-28 15:06:34.937 [restartedMain] INFO  com.zaxxer.hikari.HikariDataSource - HikariPool-1 - Starting...
2026-07-28 15:06:35.012 [restartedMain] INFO  com.zaxxer.hikari.pool.HikariPool - HikariPool-1 - Added connection org.postgresql.jdbc.PgConnection@58f5b15
2026-07-28 15:06:35.013 [restartedMain] INFO  com.zaxxer.hikari.HikariDataSource - HikariPool-1 - Start completed.
2026-07-28 15:06:36.585 [restartedMain] INFO  com.zaxxer.hikari.HikariDataSource - HikariPool-1 - Shutdown initiated...
2026-07-28 15:06:36.589 [restartedMain] INFO  com.zaxxer.hikari.HikariDataSource - HikariPool-1 - Shutdown completed.
2026-07-28 15:14:51.529 [restartedMain] INFO  com.example.test.TestApplication - Starting TestApplication using Java 21.0.11 with PID 25168 (C:\Users\ADMIN88\jvabackend\test\build\classes\java\main started by ADMIN88 in C:\Users\ADMIN88\jvabackend\test)
2026-07-28 15:14:51.532 [restartedMain] INFO  com.example.test.TestApplication - No active profile set, falling back to 1 default profile: "default"
2026-07-28 15:14:53.055 [restartedMain] INFO  com.zaxxer.hikari.HikariDataSource - HikariPool-1 - Starting...
2026-07-28 15:14:53.136 [restartedMain] INFO  com.zaxxer.hikari.pool.HikariPool - HikariPool-1 - Added connection org.postgresql.jdbc.PgConnection@53dc8879
2026-07-28 15:14:53.137 [restartedMain] INFO  com.zaxxer.hikari.HikariDataSource - HikariPool-1 - Start completed.
2026-07-28 15:14:55.007 [restartedMain] INFO  com.zaxxer.hikari.HikariDataSource - HikariPool-1 - Shutdown initiated...
2026-07-28 15:14:55.010 [restartedMain] INFO  com.zaxxer.hikari.HikariDataSource - HikariPool-1 - Shutdown completed.
2026-07-28 15:15:15.977 [restartedMain] INFO  com.example.test.TestApplication - Starting TestApplication using Java 21.0.11 with PID 22636 (C:\Users\ADMIN88\jvabackend\test\build\classes\java\main started by ADMIN88 in C:\Users\ADMIN88\jvabackend\test)
2026-07-28 15:15:15.981 [restartedMain] INFO  com.example.test.TestApplication - No active profile set, falling back to 1 default profile: "default"
2026-07-28 15:15:17.456 [restartedMain] INFO  com.zaxxer.hikari.HikariDataSource - HikariPool-1 - Starting...
2026-07-28 15:15:17.530 [restartedMain] INFO  com.zaxxer.hikari.pool.HikariPool - HikariPool-1 - Added connection org.postgresql.jdbc.PgConnection@5c117d88
2026-07-28 15:15:17.532 [restartedMain] INFO  com.zaxxer.hikari.HikariDataSource - HikariPool-1 - Start completed.
2026-07-28 15:15:18.879 [restartedMain] INFO  com.zaxxer.hikari.HikariDataSource - HikariPool-1 - Shutdown initiated...
2026-07-28 15:15:18.884 [restartedMain] INFO  com.zaxxer.hikari.HikariDataSource - HikariPool-1 - Shutdown completed.
2026-07-28 15:16:32.566 [restartedMain] INFO  com.example.test.TestApplication - Starting TestApplication using Java 21.0.11 with PID 13224 (C:\Users\ADMIN88\jvabackend\test\build\classes\java\main started by ADMIN88 in C:\Users\ADMIN88\jvabackend\test)
2026-07-28 15:16:32.568 [restartedMain] INFO  com.example.test.TestApplication - No active profile set, falling back to 1 default profile: "default"
2026-07-28 15:16:34.196 [restartedMain] INFO  com.zaxxer.hikari.HikariDataSource - HikariPool-1 - Starting...
2026-07-28 15:16:34.369 [restartedMain] INFO  com.zaxxer.hikari.pool.HikariPool - HikariPool-1 - Added connection org.postgresql.jdbc.PgConnection@1296ed3c
2026-07-28 15:16:34.370 [restartedMain] INFO  com.zaxxer.hikari.HikariDataSource - HikariPool-1 - Start completed.
2026-07-28 15:16:36.545 [restartedMain] INFO  com.example.test.TestApplication - Started TestApplication in 4.375 seconds (process running for 4.889)
2026-07-28 15:17:17.247 [http-nio-8080-exec-8] INFO  c.e.test.controllers.AuthController - User registered successfully: nhanvien03
2026-07-28 15:17:34.841 [http-nio-8080-exec-9] INFO  c.e.test.controllers.UserController - Fetching all users
2026-07-28 15:17:51.336 [http-nio-8080-exec-10] INFO  c.e.test.controllers.AuthController - Attempting login for user: nhanvien02
2026-07-28 15:28:25.288 [Thread-1] INFO  com.zaxxer.hikari.HikariDataSource - HikariPool-1 - Shutdown initiated...
2026-07-28 15:28:25.301 [Thread-1] INFO  com.zaxxer.hikari.HikariDataSource - HikariPool-1 - Shutdown completed.
2026-07-28 15:28:25.440 [restartedMain] INFO  com.example.test.TestApplication - Starting TestApplication using Java 21.0.11 with PID 13224 (C:\Users\ADMIN88\jvabackend\test\build\classes\java\main started by ADMIN88 in C:\Users\ADMIN88\jvabackend\test)
2026-07-28 15:28:25.441 [restartedMain] INFO  com.example.test.TestApplication - No active profile set, falling back to 1 default profile: "default"
2026-07-28 15:28:25.931 [restartedMain] INFO  com.zaxxer.hikari.HikariDataSource - HikariPool-2 - Starting...
2026-07-28 15:28:25.967 [restartedMain] INFO  com.zaxxer.hikari.pool.HikariPool - HikariPool-2 - Added connection org.postgresql.jdbc.PgConnection@3433b45f
2026-07-28 15:28:25.967 [restartedMain] INFO  com.zaxxer.hikari.HikariDataSource - HikariPool-2 - Start completed.
2026-07-28 15:28:26.464 [restartedMain] INFO  com.example.test.TestApplication - Started TestApplication in 1.074 seconds (process running for 714.808)
2026-07-28 15:28:27.890 [Thread-5] INFO  com.zaxxer.hikari.HikariDataSource - HikariPool-2 - Shutdown initiated...
2026-07-28 15:28:27.891 [Thread-5] INFO  com.zaxxer.hikari.HikariDataSource - HikariPool-2 - Shutdown completed.
2026-07-28 15:28:27.955 [restartedMain] INFO  com.example.test.TestApplication - Starting TestApplication using Java 21.0.11 with PID 13224 (C:\Users\ADMIN88\jvabackend\test\build\classes\java\main started by ADMIN88 in C:\Users\ADMIN88\jvabackend\test)
2026-07-28 15:28:27.955 [restartedMain] INFO  com.example.test.TestApplication - No active profile set, falling back to 1 default profile: "default"
2026-07-28 15:28:28.249 [restartedMain] INFO  com.zaxxer.hikari.HikariDataSource - HikariPool-3 - Starting...
2026-07-28 15:28:28.278 [restartedMain] INFO  com.zaxxer.hikari.pool.HikariPool - HikariPool-3 - Added connection org.postgresql.jdbc.PgConnection@60c5c81c
2026-07-28 15:28:28.278 [restartedMain] INFO  com.zaxxer.hikari.HikariDataSource - HikariPool-3 - Start completed.
2026-07-28 15:28:28.675 [restartedMain] INFO  com.example.test.TestApplication - Started TestApplication in 0.741 seconds (process running for 717.019)
2026-07-28 15:28:43.200 [Thread-9] INFO  com.zaxxer.hikari.HikariDataSource - HikariPool-3 - Shutdown initiated...
2026-07-28 15:28:43.201 [Thread-9] INFO  com.zaxxer.hikari.HikariDataSource - HikariPool-3 - Shutdown completed.
2026-07-28 15:28:43.277 [restartedMain] INFO  com.example.test.TestApplication - Starting TestApplication using Java 21.0.11 with PID 13224 (C:\Users\ADMIN88\jvabackend\test\build\classes\java\main started by ADMIN88 in C:\Users\ADMIN88\jvabackend\test)
2026-07-28 15:28:43.278 [restartedMain] INFO  com.example.test.TestApplication - No active profile set, falling back to 1 default profile: "default"
2026-07-28 15:28:43.534 [restartedMain] INFO  com.zaxxer.hikari.HikariDataSource - HikariPool-4 - Starting...
2026-07-28 15:28:43.563 [restartedMain] INFO  com.zaxxer.hikari.pool.HikariPool - HikariPool-4 - Added connection org.postgresql.jdbc.PgConnection@5fef158
2026-07-28 15:28:43.563 [restartedMain] INFO  com.zaxxer.hikari.HikariDataSource - HikariPool-4 - Start completed.
2026-07-28 15:28:44.026 [restartedMain] INFO  com.example.test.TestApplication - Started TestApplication in 0.78 seconds (process running for 732.37)
2026-07-28 15:28:56.634 [http-nio-8080-exec-3] INFO  c.e.test.controllers.RoleController - Received request to add new role: RoleReq(code=null, roleName=USER)
2026-07-28 15:29:13.109 [http-nio-8080-exec-8] INFO  c.e.test.controllers.RoleController - Received request to add new role: RoleReq(code=null, roleName=c)
2026-07-28 15:30:02.708 [http-nio-8080-exec-7] INFO  c.e.test.controllers.RoleController - Received request to add new role: RoleReq(code=c, roleName=USER)
2026-07-28 15:30:20.783 [http-nio-8080-exec-5] INFO  c.e.test.controllers.RoleController - Received request to add new role: RoleReq(code=c, roleName=USER)
2026-07-28 15:30:39.292 [http-nio-8080-exec-10] INFO  c.e.test.controllers.RoleController - Received request to add new role: RoleReq(code=c, roleName=USER)
2026-07-28 15:32:59.016 [Thread-13] INFO  com.zaxxer.hikari.HikariDataSource - HikariPool-4 - Shutdown initiated...
2026-07-28 15:32:59.018 [Thread-13] INFO  com.zaxxer.hikari.HikariDataSource - HikariPool-4 - Shutdown completed.
2026-07-28 15:32:59.105 [restartedMain] INFO  com.example.test.TestApplication - Starting TestApplication using Java 21.0.11 with PID 13224 (C:\Users\ADMIN88\jvabackend\test\build\classes\java\main started by ADMIN88 in C:\Users\ADMIN88\jvabackend\test)
2026-07-28 15:32:59.105 [restartedMain] INFO  com.example.test.TestApplication - No active profile set, falling back to 1 default profile: "default"
2026-07-28 15:32:59.606 [restartedMain] INFO  com.zaxxer.hikari.HikariDataSource - HikariPool-5 - Starting...
2026-07-28 15:32:59.741 [restartedMain] INFO  com.zaxxer.hikari.pool.HikariPool - HikariPool-5 - Added connection org.postgresql.jdbc.PgConnection@65592b72
2026-07-28 15:32:59.741 [restartedMain] INFO  com.zaxxer.hikari.HikariDataSource - HikariPool-5 - Start completed.
2026-07-28 15:33:00.411 [restartedMain] INFO  com.example.test.TestApplication - Started TestApplication in 1.343 seconds (process running for 988.754)
2026-07-28 15:33:01.851 [Thread-17] INFO  com.zaxxer.hikari.HikariDataSource - HikariPool-5 - Shutdown initiated...
2026-07-28 15:33:01.853 [Thread-17] INFO  com.zaxxer.hikari.HikariDataSource - HikariPool-5 - Shutdown completed.
2026-07-28 15:33:01.943 [restartedMain] INFO  com.example.test.TestApplication - Starting TestApplication using Java 21.0.11 with PID 13224 (C:\Users\ADMIN88\jvabackend\test\build\classes\java\main started by ADMIN88 in C:\Users\ADMIN88\jvabackend\test)
2026-07-28 15:33:01.943 [restartedMain] INFO  com.example.test.TestApplication - No active profile set, falling back to 1 default profile: "default"
2026-07-28 15:33:02.312 [restartedMain] INFO  com.zaxxer.hikari.HikariDataSource - HikariPool-6 - Starting...
2026-07-28 15:33:02.438 [restartedMain] INFO  com.zaxxer.hikari.pool.HikariPool - HikariPool-6 - Added connection org.postgresql.jdbc.PgConnection@73b9671f
2026-07-28 15:33:02.438 [restartedMain] INFO  com.zaxxer.hikari.HikariDataSource - HikariPool-6 - Start completed.
2026-07-28 15:33:03.080 [restartedMain] INFO  com.example.test.TestApplication - Started TestApplication in 1.171 seconds (process running for 991.424)
2026-07-28 15:33:14.781 [http-nio-8080-exec-3] INFO  c.e.test.controllers.RoleController - Received request to add new role: RoleReq(code=c, roleName=USER)
2026-07-28 15:33:16.265 [http-nio-8080-exec-4] INFO  c.e.test.controllers.RoleController - Received request to add new role: RoleReq(code=c, roleName=USER)
2026-07-28 15:33:17.064 [http-nio-8080-exec-7] INFO  c.e.test.controllers.RoleController - Received request to add new role: RoleReq(code=c, roleName=USER)
2026-07-28 15:33:18.556 [http-nio-8080-exec-10] INFO  c.e.test.controllers.RoleController - Received request to add new role: RoleReq(code=c, roleName=USER)
2026-07-28 15:33:43.561 [Thread-21] INFO  com.zaxxer.hikari.HikariDataSource - HikariPool-6 - Shutdown initiated...
2026-07-28 15:33:43.573 [Thread-21] INFO  com.zaxxer.hikari.HikariDataSource - HikariPool-6 - Shutdown completed.
2026-07-28 15:33:43.684 [restartedMain] INFO  com.example.test.TestApplication - Starting TestApplication using Java 21.0.11 with PID 13224 (C:\Users\ADMIN88\jvabackend\test\build\classes\java\main started by ADMIN88 in C:\Users\ADMIN88\jvabackend\test)
2026-07-28 15:33:43.684 [restartedMain] INFO  com.example.test.TestApplication - No active profile set, falling back to 1 default profile: "default"
2026-07-28 15:33:44.158 [restartedMain] INFO  com.zaxxer.hikari.HikariDataSource - HikariPool-7 - Starting...
2026-07-28 15:33:44.203 [restartedMain] INFO  com.zaxxer.hikari.pool.HikariPool - HikariPool-7 - Added connection org.postgresql.jdbc.PgConnection@4e61be44
2026-07-28 15:33:44.203 [restartedMain] INFO  com.zaxxer.hikari.HikariDataSource - HikariPool-7 - Start completed.
2026-07-28 15:33:44.529 [restartedMain] INFO  com.zaxxer.hikari.HikariDataSource - HikariPool-7 - Shutdown initiated...
2026-07-28 15:33:44.574 [restartedMain] INFO  com.zaxxer.hikari.HikariDataSource - HikariPool-7 - Shutdown completed.
2026-07-28 15:33:46.135 [restartedMain] INFO  com.example.test.TestApplication - Starting TestApplication using Java 21.0.11 with PID 13224 (C:\Users\ADMIN88\jvabackend\test\build\classes\java\main started by ADMIN88 in C:\Users\ADMIN88\jvabackend\test)
2026-07-28 15:33:46.136 [restartedMain] INFO  com.example.test.TestApplication - No active profile set, falling back to 1 default profile: "default"
2026-07-28 15:33:46.881 [restartedMain] INFO  com.zaxxer.hikari.HikariDataSource - HikariPool-8 - Starting...
2026-07-28 15:33:47.011 [restartedMain] INFO  com.zaxxer.hikari.pool.HikariPool - HikariPool-8 - Added connection org.postgresql.jdbc.PgConnection@34a20027
2026-07-28 15:33:47.011 [restartedMain] INFO  com.zaxxer.hikari.HikariDataSource - HikariPool-8 - Start completed.
2026-07-28 15:33:47.482 [restartedMain] INFO  com.example.test.TestApplication - Started TestApplication in 1.41 seconds (process running for 1035.825)
2026-07-28 15:33:48.380 [http-nio-8080-exec-2] INFO  c.e.test.controllers.RoleController - Received request to add new role: RoleReq(code=c, roleName=USER)
2026-07-28 15:34:09.377 [Thread-25] INFO  com.zaxxer.hikari.HikariDataSource - HikariPool-8 - Shutdown initiated...
2026-07-28 15:34:09.380 [Thread-25] INFO  com.zaxxer.hikari.HikariDataSource - HikariPool-8 - Shutdown completed.
2026-07-28 15:34:09.467 [restartedMain] INFO  com.example.test.TestApplication - Starting TestApplication using Java 21.0.11 with PID 13224 (C:\Users\ADMIN88\jvabackend\test\build\classes\java\main started by ADMIN88 in C:\Users\ADMIN88\jvabackend\test)
2026-07-28 15:34:09.467 [restartedMain] INFO  com.example.test.TestApplication - No active profile set, falling back to 1 default profile: "default"
2026-07-28 15:34:10.035 [restartedMain] INFO  com.zaxxer.hikari.HikariDataSource - HikariPool-9 - Starting...
2026-07-28 15:34:10.093 [restartedMain] INFO  com.zaxxer.hikari.pool.HikariPool - HikariPool-9 - Added connection org.postgresql.jdbc.PgConnection@29b39c5b
2026-07-28 15:34:10.094 [restartedMain] INFO  com.zaxxer.hikari.HikariDataSource - HikariPool-9 - Start completed.
2026-07-28 15:34:10.365 [restartedMain] INFO  com.zaxxer.hikari.HikariDataSource - HikariPool-9 - Shutdown initiated...
2026-07-28 15:34:10.407 [restartedMain] INFO  com.zaxxer.hikari.HikariDataSource - HikariPool-9 - Shutdown completed.
2026-07-28 15:42:09.709 [restartedMain] INFO  com.example.test.TestApplication - Starting TestApplication using Java 21.0.11 with PID 13224 (C:\Users\ADMIN88\jvabackend\test\build\classes\java\main started by ADMIN88 in C:\Users\ADMIN88\jvabackend\test)
2026-07-28 15:42:09.709 [restartedMain] INFO  com.example.test.TestApplication - No active profile set, falling back to 1 default profile: "default"
2026-07-28 15:42:10.224 [restartedMain] INFO  com.zaxxer.hikari.HikariDataSource - HikariPool-10 - Starting...
2026-07-28 15:42:10.255 [restartedMain] INFO  com.zaxxer.hikari.pool.HikariPool - HikariPool-10 - Added connection org.postgresql.jdbc.PgConnection@700377b5
2026-07-28 15:42:10.255 [restartedMain] INFO  com.zaxxer.hikari.HikariDataSource - HikariPool-10 - Start completed.
2026-07-28 15:42:10.834 [restartedMain] INFO  com.example.test.TestApplication - Started TestApplication in 1.148 seconds (process running for 1539.178)
2026-07-28 15:42:25.015 [Thread-32] INFO  com.zaxxer.hikari.HikariDataSource - HikariPool-10 - Shutdown initiated...
2026-07-28 15:42:25.017 [Thread-32] INFO  com.zaxxer.hikari.HikariDataSource - HikariPool-10 - Shutdown completed.
2026-07-28 15:42:25.098 [restartedMain] INFO  com.example.test.TestApplication - Starting TestApplication using Java 21.0.11 with PID 13224 (C:\Users\ADMIN88\jvabackend\test\build\classes\java\main started by ADMIN88 in C:\Users\ADMIN88\jvabackend\test)
2026-07-28 15:42:25.098 [restartedMain] INFO  com.example.test.TestApplication - No active profile set, falling back to 1 default profile: "default"
2026-07-28 15:42:25.410 [restartedMain] INFO  com.zaxxer.hikari.HikariDataSource - HikariPool-11 - Starting...
2026-07-28 15:42:25.451 [restartedMain] INFO  com.zaxxer.hikari.pool.HikariPool - HikariPool-11 - Added connection org.postgresql.jdbc.PgConnection@de44392
2026-07-28 15:42:25.452 [restartedMain] INFO  com.zaxxer.hikari.HikariDataSource - HikariPool-11 - Start completed.
2026-07-28 15:42:25.823 [restartedMain] INFO  com.zaxxer.hikari.HikariDataSource - HikariPool-11 - Shutdown initiated...
2026-07-28 15:42:25.866 [restartedMain] INFO  com.zaxxer.hikari.HikariDataSource - HikariPool-11 - Shutdown completed.
2026-07-28 15:42:44.958 [restartedMain] INFO  com.example.test.TestApplication - Starting TestApplication using Java 21.0.11 with PID 7100 (C:\Users\ADMIN88\jvabackend\test\build\classes\java\main started by ADMIN88 in C:\Users\ADMIN88\jvabackend\test)
2026-07-28 15:42:44.961 [restartedMain] INFO  com.example.test.TestApplication - No active profile set, falling back to 1 default profile: "default"
2026-07-28 15:42:46.518 [restartedMain] INFO  com.zaxxer.hikari.HikariDataSource - HikariPool-1 - Starting...
2026-07-28 15:42:46.595 [restartedMain] INFO  com.zaxxer.hikari.pool.HikariPool - HikariPool-1 - Added connection org.postgresql.jdbc.PgConnection@5fe67b81
2026-07-28 15:42:46.596 [restartedMain] INFO  com.zaxxer.hikari.HikariDataSource - HikariPool-1 - Start completed.
2026-07-28 15:42:48.168 [restartedMain] INFO  com.zaxxer.hikari.HikariDataSource - HikariPool-1 - Shutdown initiated...
2026-07-28 15:42:48.170 [restartedMain] INFO  com.zaxxer.hikari.HikariDataSource - HikariPool-1 - Shutdown completed.
2026-07-28 15:43:50.286 [restartedMain] INFO  com.example.test.TestApplication - Starting TestApplication using Java 21.0.11 with PID 26800 (C:\Users\ADMIN88\jvabackend\test\build\classes\java\main started by ADMIN88 in C:\Users\ADMIN88\jvabackend\test)
2026-07-28 15:43:50.291 [restartedMain] INFO  com.example.test.TestApplication - No active profile set, falling back to 1 default profile: "default"
2026-07-28 15:43:52.052 [restartedMain] INFO  com.zaxxer.hikari.HikariDataSource - HikariPool-1 - Starting...
2026-07-28 15:43:52.126 [restartedMain] INFO  com.zaxxer.hikari.pool.HikariPool - HikariPool-1 - Added connection org.postgresql.jdbc.PgConnection@69549467
2026-07-28 15:43:52.127 [restartedMain] INFO  com.zaxxer.hikari.HikariDataSource - HikariPool-1 - Start completed.
2026-07-28 15:43:54.675 [restartedMain] INFO  com.example.test.TestApplication - Started TestApplication in 5.034 seconds (process running for 5.814)
2026-07-28 15:43:56.316 [http-nio-8080-exec-3] INFO  c.e.test.controllers.AuthController - Attempting login for user: nhanvien02
2026-07-28 15:44:31.937 [Thread-1] INFO  com.zaxxer.hikari.HikariDataSource - HikariPool-1 - Shutdown initiated...
2026-07-28 15:44:31.940 [Thread-1] INFO  com.zaxxer.hikari.HikariDataSource - HikariPool-1 - Shutdown completed.
2026-07-28 15:44:32.033 [restartedMain] INFO  com.example.test.TestApplication - Starting TestApplication using Java 21.0.11 with PID 26800 (C:\Users\ADMIN88\jvabackend\test\build\classes\java\main started by ADMIN88 in C:\Users\ADMIN88\jvabackend\test)
2026-07-28 15:44:32.034 [restartedMain] INFO  com.example.test.TestApplication - No active profile set, falling back to 1 default profile: "default"
2026-07-28 15:44:32.471 [restartedMain] INFO  com.zaxxer.hikari.HikariDataSource - HikariPool-2 - Starting...
2026-07-28 15:44:32.597 [restartedMain] INFO  com.zaxxer.hikari.pool.HikariPool - HikariPool-2 - Added connection org.postgresql.jdbc.PgConnection@476444f3
2026-07-28 15:44:32.597 [restartedMain] INFO  com.zaxxer.hikari.HikariDataSource - HikariPool-2 - Start completed.
2026-07-28 15:44:33.052 [restartedMain] INFO  com.example.test.TestApplication - Started TestApplication in 1.058 seconds (process running for 44.191)
2026-07-28 15:44:43.449 [http-nio-8080-exec-4] INFO  c.e.test.controllers.AuthController - Attempting login for user: nhanvien02
2026-07-28 15:47:06.215 [Thread-5] INFO  com.zaxxer.hikari.HikariDataSource - HikariPool-2 - Shutdown initiated...
2026-07-28 15:47:06.217 [Thread-5] INFO  com.zaxxer.hikari.HikariDataSource - HikariPool-2 - Shutdown completed.
2026-07-28 15:47:06.318 [restartedMain] INFO  com.example.test.TestApplication - Starting TestApplication using Java 21.0.11 with PID 26800 (C:\Users\ADMIN88\jvabackend\test\build\classes\java\main started by ADMIN88 in C:\Users\ADMIN88\jvabackend\test)
2026-07-28 15:47:06.318 [restartedMain] INFO  com.example.test.TestApplication - No active profile set, falling back to 1 default profile: "default"
2026-07-28 15:47:06.800 [restartedMain] INFO  com.zaxxer.hikari.HikariDataSource - HikariPool-3 - Starting...
2026-07-28 15:47:06.826 [restartedMain] INFO  com.zaxxer.hikari.pool.HikariPool - HikariPool-3 - Added connection org.postgresql.jdbc.PgConnection@785e335b
2026-07-28 15:47:06.826 [restartedMain] INFO  com.zaxxer.hikari.HikariDataSource - HikariPool-3 - Start completed.
2026-07-28 15:47:07.435 [restartedMain] INFO  com.example.test.TestApplication - Started TestApplication in 1.163 seconds (process running for 198.574)
2026-07-28 15:48:10.926 [http-nio-8080-exec-4] INFO  c.e.test.controllers.AuthController - Attempting login for user: nhanvien02
2026-07-28 15:48:51.724 [Thread-9] INFO  com.zaxxer.hikari.HikariDataSource - HikariPool-3 - Shutdown initiated...
2026-07-28 15:48:51.727 [Thread-9] INFO  com.zaxxer.hikari.HikariDataSource - HikariPool-3 - Shutdown completed.
2026-07-28 15:48:51.819 [restartedMain] INFO  com.example.test.TestApplication - Starting TestApplication using Java 21.0.11 with PID 26800 (C:\Users\ADMIN88\jvabackend\test\build\classes\java\main started by ADMIN88 in C:\Users\ADMIN88\jvabackend\test)
2026-07-28 15:48:51.820 [restartedMain] INFO  com.example.test.TestApplication - No active profile set, falling back to 1 default profile: "default"
2026-07-28 15:48:52.255 [restartedMain] INFO  com.zaxxer.hikari.HikariDataSource - HikariPool-4 - Starting...
2026-07-28 15:48:52.282 [restartedMain] INFO  com.zaxxer.hikari.pool.HikariPool - HikariPool-4 - Added connection org.postgresql.jdbc.PgConnection@13e70903
2026-07-28 15:48:52.282 [restartedMain] INFO  com.zaxxer.hikari.HikariDataSource - HikariPool-4 - Start completed.
2026-07-28 15:48:52.926 [restartedMain] INFO  com.example.test.TestApplication - Started TestApplication in 1.143 seconds (process running for 304.066)
2026-07-28 15:48:54.351 [Thread-13] INFO  com.zaxxer.hikari.HikariDataSource - HikariPool-4 - Shutdown initiated...
2026-07-28 15:48:54.355 [Thread-13] INFO  com.zaxxer.hikari.HikariDataSource - HikariPool-4 - Shutdown completed.
2026-07-28 15:48:54.460 [restartedMain] INFO  com.example.test.TestApplication - Starting TestApplication using Java 21.0.11 with PID 26800 (C:\Users\ADMIN88\jvabackend\test\build\classes\java\main started by ADMIN88 in C:\Users\ADMIN88\jvabackend\test)
2026-07-28 15:48:54.460 [restartedMain] INFO  com.example.test.TestApplication - No active profile set, falling back to 1 default profile: "default"
2026-07-28 15:48:54.938 [restartedMain] INFO  com.zaxxer.hikari.HikariDataSource - HikariPool-5 - Starting...
2026-07-28 15:48:54.966 [restartedMain] INFO  com.zaxxer.hikari.pool.HikariPool - HikariPool-5 - Added connection org.postgresql.jdbc.PgConnection@2e0d5959
2026-07-28 15:48:54.966 [restartedMain] INFO  com.zaxxer.hikari.HikariDataSource - HikariPool-5 - Start completed.
2026-07-28 15:48:55.779 [restartedMain] INFO  com.example.test.TestApplication - Started TestApplication in 1.362 seconds (process running for 306.919)
2026-07-28 15:48:56.669 [http-nio-8080-exec-3] INFO  c.e.test.controllers.AuthController - Attempting login for user: nhanvien02
2026-07-28 15:49:17.084 [http-nio-8080-exec-6] INFO  c.e.test.controllers.AuthController - Attempting login for user: nhanvien04
2026-07-28 15:49:25.096 [http-nio-8080-exec-5] INFO  c.e.test.controllers.AuthController - Attempting login for user: nhanvien03
2026-07-28 15:49:35.032 [http-nio-8080-exec-9] INFO  c.e.test.controllers.UserController - Fetching all users
2026-07-28 15:50:31.743 [Thread-17] INFO  com.zaxxer.hikari.HikariDataSource - HikariPool-5 - Shutdown initiated...
2026-07-28 15:50:31.745 [Thread-17] INFO  com.zaxxer.hikari.HikariDataSource - HikariPool-5 - Shutdown completed.
2026-07-28 15:50:31.835 [restartedMain] INFO  com.example.test.TestApplication - Starting TestApplication using Java 21.0.11 with PID 26800 (C:\Users\ADMIN88\jvabackend\test\build\classes\java\main started by ADMIN88 in C:\Users\ADMIN88\jvabackend\test)
2026-07-28 15:50:31.837 [restartedMain] INFO  com.example.test.TestApplication - No active profile set, falling back to 1 default profile: "default"
2026-07-28 15:50:32.343 [restartedMain] INFO  com.zaxxer.hikari.HikariDataSource - HikariPool-6 - Starting...
2026-07-28 15:50:32.381 [restartedMain] INFO  com.zaxxer.hikari.pool.HikariPool - HikariPool-6 - Added connection org.postgresql.jdbc.PgConnection@79ce9a46
2026-07-28 15:50:32.382 [restartedMain] INFO  com.zaxxer.hikari.HikariDataSource - HikariPool-6 - Start completed.
2026-07-28 15:50:32.955 [restartedMain] INFO  com.example.test.TestApplication - Started TestApplication in 1.156 seconds (process running for 404.095)
2026-07-28 15:50:37.959 [http-nio-8080-exec-2] INFO  c.e.test.controllers.UserController - Fetching all users
2026-07-28 15:50:38.635 [http-nio-8080-exec-3] INFO  c.e.test.controllers.UserController - Fetching all users
2026-07-28 15:50:45.168 [http-nio-8080-exec-6] INFO  c.e.test.controllers.UserController - Fetching all users
2026-07-28 15:51:48.058 [Thread-21] INFO  com.zaxxer.hikari.HikariDataSource - HikariPool-6 - Shutdown initiated...
2026-07-28 15:51:48.060 [Thread-21] INFO  com.zaxxer.hikari.HikariDataSource - HikariPool-6 - Shutdown completed.
2026-07-28 15:51:48.142 [restartedMain] INFO  com.example.test.TestApplication - Starting TestApplication using Java 21.0.11 with PID 26800 (C:\Users\ADMIN88\jvabackend\test\build\classes\java\main started by ADMIN88 in C:\Users\ADMIN88\jvabackend\test)
2026-07-28 15:51:48.142 [restartedMain] INFO  com.example.test.TestApplication - No active profile set, falling back to 1 default profile: "default"
2026-07-28 15:51:48.615 [restartedMain] INFO  com.zaxxer.hikari.HikariDataSource - HikariPool-7 - Starting...
2026-07-28 15:51:48.668 [restartedMain] INFO  com.zaxxer.hikari.pool.HikariPool - HikariPool-7 - Added connection org.postgresql.jdbc.PgConnection@6ba5bd20
2026-07-28 15:51:48.668 [restartedMain] INFO  com.zaxxer.hikari.HikariDataSource - HikariPool-7 - Start completed.
2026-07-28 15:51:49.395 [restartedMain] INFO  com.example.test.TestApplication - Started TestApplication in 1.273 seconds (process running for 480.534)
2026-07-28 15:51:49.405 [SpringApplicationShutdownHook] INFO  com.zaxxer.hikari.HikariDataSource - HikariPool-7 - Shutdown initiated...
2026-07-28 15:51:49.462 [SpringApplicationShutdownHook] INFO  com.zaxxer.hikari.HikariDataSource - HikariPool-7 - Shutdown completed.
2026-07-28 15:51:52.538 [restartedMain] INFO  com.example.test.TestApplication - Starting TestApplication using Java 21.0.11 with PID 17188 (C:\Users\ADMIN88\jvabackend\test\build\classes\java\main started by ADMIN88 in C:\Users\ADMIN88\jvabackend\test)
2026-07-28 15:51:52.542 [restartedMain] INFO  com.example.test.TestApplication - No active profile set, falling back to 1 default profile: "default"
2026-07-28 15:51:54.152 [restartedMain] INFO  com.zaxxer.hikari.HikariDataSource - HikariPool-1 - Starting...
2026-07-28 15:51:54.223 [restartedMain] INFO  com.zaxxer.hikari.pool.HikariPool - HikariPool-1 - Added connection org.postgresql.jdbc.PgConnection@64de78a3
2026-07-28 15:51:54.223 [restartedMain] INFO  com.zaxxer.hikari.HikariDataSource - HikariPool-1 - Start completed.
2026-07-28 15:51:56.259 [restartedMain] INFO  com.example.test.TestApplication - Started TestApplication in 4.356 seconds (process running for 5.252)
2026-07-28 15:52:01.175 [http-nio-8080-exec-1] INFO  c.e.test.controllers.AuthController - Attempting login for user: nhanvien03
2026-07-28 15:53:31.720 [Thread-1] INFO  com.zaxxer.hikari.HikariDataSource - HikariPool-1 - Shutdown initiated...
2026-07-28 15:53:31.724 [Thread-1] INFO  com.zaxxer.hikari.HikariDataSource - HikariPool-1 - Shutdown completed.
2026-07-28 15:53:31.843 [restartedMain] INFO  com.example.test.TestApplication - Starting TestApplication using Java 21.0.11 with PID 17188 (C:\Users\ADMIN88\jvabackend\test\build\classes\java\main started by ADMIN88 in C:\Users\ADMIN88\jvabackend\test)
2026-07-28 15:53:31.844 [restartedMain] INFO  com.example.test.TestApplication - No active profile set, falling back to 1 default profile: "default"
2026-07-28 15:53:32.380 [restartedMain] INFO  com.zaxxer.hikari.HikariDataSource - HikariPool-2 - Starting...
2026-07-28 15:53:32.420 [restartedMain] INFO  com.zaxxer.hikari.pool.HikariPool - HikariPool-2 - Added connection org.postgresql.jdbc.PgConnection@52deb9c4
2026-07-28 15:53:32.421 [restartedMain] INFO  com.zaxxer.hikari.HikariDataSource - HikariPool-2 - Start completed.
2026-07-28 15:53:33.113 [restartedMain] INFO  com.example.test.TestApplication - Started TestApplication in 1.312 seconds (process running for 102.106)
2026-07-28 15:53:33.140 [SpringApplicationShutdownHook] INFO  com.zaxxer.hikari.HikariDataSource - HikariPool-2 - Shutdown initiated...
2026-07-28 15:53:33.208 [SpringApplicationShutdownHook] INFO  com.zaxxer.hikari.HikariDataSource - HikariPool-2 - Shutdown completed.
2026-07-28 15:53:35.996 [restartedMain] INFO  com.example.test.TestApplication - Starting TestApplication using Java 21.0.11 with PID 13612 (C:\Users\ADMIN88\jvabackend\test\build\classes\java\main started by ADMIN88 in C:\Users\ADMIN88\jvabackend\test)
2026-07-28 15:53:35.998 [restartedMain] INFO  com.example.test.TestApplication - No active profile set, falling back to 1 default profile: "default"
2026-07-28 15:53:37.722 [restartedMain] INFO  com.zaxxer.hikari.HikariDataSource - HikariPool-1 - Starting...
2026-07-28 15:53:37.852 [restartedMain] INFO  com.zaxxer.hikari.pool.HikariPool - HikariPool-1 - Added connection org.postgresql.jdbc.PgConnection@139da814
2026-07-28 15:53:37.854 [restartedMain] INFO  com.zaxxer.hikari.HikariDataSource - HikariPool-1 - Start completed.
2026-07-28 15:53:40.093 [restartedMain] INFO  com.example.test.TestApplication - Started TestApplication in 4.495 seconds (process running for 5.218)
2026-07-28 15:53:46.277 [http-nio-8080-exec-2] INFO  c.e.test.controllers.AuthController - Attempting login for user: nhanvien03
2026-07-28 15:54:00.508 [http-nio-8080-exec-4] INFO  c.e.test.controllers.UserController - Fetching all users
2026-07-28 15:58:21.775 [Thread-1] INFO  com.zaxxer.hikari.HikariDataSource - HikariPool-1 - Shutdown initiated...
2026-07-28 15:58:21.779 [Thread-1] INFO  com.zaxxer.hikari.HikariDataSource - HikariPool-1 - Shutdown completed.
2026-07-28 15:58:21.896 [restartedMain] INFO  com.example.test.TestApplication - Starting TestApplication using Java 21.0.11 with PID 13612 (C:\Users\ADMIN88\jvabackend\test\build\classes\java\main started by ADMIN88 in C:\Users\ADMIN88\jvabackend\test)
2026-07-28 15:58:21.896 [restartedMain] INFO  com.example.test.TestApplication - No active profile set, falling back to 1 default profile: "default"
2026-07-28 15:58:22.347 [restartedMain] INFO  com.zaxxer.hikari.HikariDataSource - HikariPool-2 - Starting...
2026-07-28 15:58:22.496 [restartedMain] INFO  com.zaxxer.hikari.pool.HikariPool - HikariPool-2 - Added connection org.postgresql.jdbc.PgConnection@45df7c69
2026-07-28 15:58:22.496 [restartedMain] INFO  com.zaxxer.hikari.HikariDataSource - HikariPool-2 - Start completed.
2026-07-28 15:58:22.941 [restartedMain] INFO  com.example.test.TestApplication - Started TestApplication in 1.097 seconds (process running for 288.067)
2026-07-28 15:58:40.223 [Thread-5] INFO  com.zaxxer.hikari.HikariDataSource - HikariPool-2 - Shutdown initiated...
2026-07-28 15:58:40.231 [Thread-5] INFO  com.zaxxer.hikari.HikariDataSource - HikariPool-2 - Shutdown completed.
2026-07-28 15:58:40.368 [restartedMain] INFO  com.example.test.TestApplication - Starting TestApplication using Java 21.0.11 with PID 13612 (C:\Users\ADMIN88\jvabackend\test\build\classes\java\main started by ADMIN88 in C:\Users\ADMIN88\jvabackend\test)
2026-07-28 15:58:40.368 [restartedMain] INFO  com.example.test.TestApplication - No active profile set, falling back to 1 default profile: "default"
2026-07-28 15:58:40.892 [restartedMain] INFO  com.zaxxer.hikari.HikariDataSource - HikariPool-3 - Starting...
2026-07-28 15:58:40.919 [restartedMain] INFO  com.zaxxer.hikari.pool.HikariPool - HikariPool-3 - Added connection org.postgresql.jdbc.PgConnection@d4eb3c5
2026-07-28 15:58:40.919 [restartedMain] INFO  com.zaxxer.hikari.HikariDataSource - HikariPool-3 - Start completed.
2026-07-28 15:58:41.551 [restartedMain] INFO  com.example.test.TestApplication - Started TestApplication in 1.219 seconds (process running for 306.676)
2026-07-28 15:59:34.214 [Thread-9] INFO  com.zaxxer.hikari.HikariDataSource - HikariPool-3 - Shutdown initiated...
2026-07-28 15:59:34.216 [Thread-9] INFO  com.zaxxer.hikari.HikariDataSource - HikariPool-3 - Shutdown completed.
2026-07-28 15:59:34.302 [restartedMain] INFO  com.example.test.TestApplication - Starting TestApplication using Java 21.0.11 with PID 13612 (C:\Users\ADMIN88\jvabackend\test\build\classes\java\main started by ADMIN88 in C:\Users\ADMIN88\jvabackend\test)
2026-07-28 15:59:34.303 [restartedMain] INFO  com.example.test.TestApplication - No active profile set, falling back to 1 default profile: "default"
2026-07-28 15:59:34.867 [restartedMain] INFO  com.zaxxer.hikari.HikariDataSource - HikariPool-4 - Starting...
2026-07-28 15:59:35.004 [restartedMain] INFO  com.zaxxer.hikari.pool.HikariPool - HikariPool-4 - Added connection org.postgresql.jdbc.PgConnection@dd1cb6d
2026-07-28 15:59:35.004 [restartedMain] INFO  com.zaxxer.hikari.HikariDataSource - HikariPool-4 - Start completed.
2026-07-28 15:59:35.649 [restartedMain] INFO  com.example.test.TestApplication - Started TestApplication in 1.386 seconds (process running for 360.774)
2026-07-28 15:59:37.074 [Thread-13] INFO  com.zaxxer.hikari.HikariDataSource - HikariPool-4 - Shutdown initiated...
2026-07-28 15:59:37.076 [Thread-13] INFO  com.zaxxer.hikari.HikariDataSource - HikariPool-4 - Shutdown completed.
2026-07-28 15:59:37.177 [restartedMain] INFO  com.example.test.TestApplication - Starting TestApplication using Java 21.0.11 with PID 13612 (C:\Users\ADMIN88\jvabackend\test\build\classes\java\main started by ADMIN88 in C:\Users\ADMIN88\jvabackend\test)
2026-07-28 15:59:37.178 [restartedMain] INFO  com.example.test.TestApplication - No active profile set, falling back to 1 default profile: "default"
2026-07-28 15:59:37.589 [restartedMain] INFO  com.zaxxer.hikari.HikariDataSource - HikariPool-5 - Starting...
2026-07-28 15:59:37.614 [restartedMain] INFO  com.zaxxer.hikari.pool.HikariPool - HikariPool-5 - Added connection org.postgresql.jdbc.PgConnection@6d354ab3
2026-07-28 15:59:37.614 [restartedMain] INFO  com.zaxxer.hikari.HikariDataSource - HikariPool-5 - Start completed.
2026-07-28 15:59:38.227 [restartedMain] INFO  com.example.test.TestApplication - Started TestApplication in 1.093 seconds (process running for 363.353)
2026-07-28 16:01:04.776 [Thread-17] INFO  com.zaxxer.hikari.HikariDataSource - HikariPool-5 - Shutdown initiated...
2026-07-28 16:01:04.778 [Thread-17] INFO  com.zaxxer.hikari.HikariDataSource - HikariPool-5 - Shutdown completed.
2026-07-28 16:01:04.849 [restartedMain] INFO  com.example.test.TestApplication - Starting TestApplication using Java 21.0.11 with PID 13612 (C:\Users\ADMIN88\jvabackend\test\build\classes\java\main started by ADMIN88 in C:\Users\ADMIN88\jvabackend\test)
2026-07-28 16:01:04.850 [restartedMain] INFO  com.example.test.TestApplication - No active profile set, falling back to 1 default profile: "default"
2026-07-28 16:01:05.317 [restartedMain] INFO  com.zaxxer.hikari.HikariDataSource - HikariPool-6 - Starting...
2026-07-28 16:01:05.370 [restartedMain] INFO  com.zaxxer.hikari.pool.HikariPool - HikariPool-6 - Added connection org.postgresql.jdbc.PgConnection@4eeb2880
2026-07-28 16:01:05.370 [restartedMain] INFO  com.zaxxer.hikari.HikariDataSource - HikariPool-6 - Start completed.
2026-07-28 16:01:06.060 [restartedMain] INFO  com.example.test.TestApplication - Started TestApplication in 1.233 seconds (process running for 451.186)
2026-07-28 16:01:07.483 [Thread-21] INFO  com.zaxxer.hikari.HikariDataSource - HikariPool-6 - Shutdown initiated...
2026-07-28 16:01:07.485 [Thread-21] INFO  com.zaxxer.hikari.HikariDataSource - HikariPool-6 - Shutdown completed.
2026-07-28 16:01:07.543 [restartedMain] INFO  com.example.test.TestApplication - Starting TestApplication using Java 21.0.11 with PID 13612 (C:\Users\ADMIN88\jvabackend\test\build\classes\java\main started by ADMIN88 in C:\Users\ADMIN88\jvabackend\test)
2026-07-28 16:01:07.544 [restartedMain] INFO  com.example.test.TestApplication - No active profile set, falling back to 1 default profile: "default"
2026-07-28 16:01:07.997 [restartedMain] INFO  com.zaxxer.hikari.HikariDataSource - HikariPool-7 - Starting...
2026-07-28 16:01:08.031 [restartedMain] INFO  com.zaxxer.hikari.pool.HikariPool - HikariPool-7 - Added connection org.postgresql.jdbc.PgConnection@7a6c58be
2026-07-28 16:01:08.031 [restartedMain] INFO  com.zaxxer.hikari.HikariDataSource - HikariPool-7 - Start completed.
2026-07-28 16:01:08.597 [restartedMain] INFO  com.example.test.TestApplication - Started TestApplication in 1.071 seconds (process running for 453.723)
2026-07-28 16:01:32.915 [http-nio-8080-exec-2] INFO  c.e.test.controllers.UserController - Fetching all users
2026-07-28 16:04:36.176 [Thread-25] INFO  com.zaxxer.hikari.HikariDataSource - HikariPool-7 - Shutdown initiated...
2026-07-28 16:04:36.179 [Thread-25] INFO  com.zaxxer.hikari.HikariDataSource - HikariPool-7 - Shutdown completed.
2026-07-28 16:04:36.259 [restartedMain] INFO  com.example.test.TestApplication - Starting TestApplication using Java 21.0.11 with PID 13612 (C:\Users\ADMIN88\jvabackend\test\build\classes\java\main started by ADMIN88 in C:\Users\ADMIN88\jvabackend\test)
2026-07-28 16:04:36.259 [restartedMain] INFO  com.example.test.TestApplication - No active profile set, falling back to 1 default profile: "default"
2026-07-28 16:04:36.868 [restartedMain] INFO  com.zaxxer.hikari.HikariDataSource - HikariPool-8 - Starting...
2026-07-28 16:04:36.905 [restartedMain] INFO  com.zaxxer.hikari.pool.HikariPool - HikariPool-8 - Added connection org.postgresql.jdbc.PgConnection@54d70319
2026-07-28 16:04:36.905 [restartedMain] INFO  com.zaxxer.hikari.HikariDataSource - HikariPool-8 - Start completed.
2026-07-28 16:04:37.955 [restartedMain] INFO  com.example.test.TestApplication - Started TestApplication in 1.724 seconds (process running for 663.081)
2026-07-28 16:04:59.122 [SpringApplicationShutdownHook] INFO  com.zaxxer.hikari.HikariDataSource - HikariPool-8 - Shutdown initiated...
2026-07-28 16:04:59.124 [SpringApplicationShutdownHook] INFO  com.zaxxer.hikari.HikariDataSource - HikariPool-8 - Shutdown completed.
2026-07-28 16:26:08.546 [restartedMain] INFO  com.example.test.TestApplication - Starting TestApplication using Java 21.0.11 with PID 23272 (C:\Users\ADMIN88\jvabackend\test\build\classes\java\main started by ADMIN88 in C:\Users\ADMIN88\jvabackend\test)
2026-07-28 16:26:08.549 [restartedMain] INFO  com.example.test.TestApplication - No active profile set, falling back to 1 default profile: "default"
2026-07-28 16:26:10.036 [restartedMain] INFO  com.zaxxer.hikari.HikariDataSource - HikariPool-1 - Starting...
2026-07-28 16:26:10.105 [restartedMain] INFO  com.zaxxer.hikari.pool.HikariPool - HikariPool-1 - Added connection org.postgresql.jdbc.PgConnection@6e3327d5
2026-07-28 16:26:10.106 [restartedMain] INFO  com.zaxxer.hikari.HikariDataSource - HikariPool-1 - Start completed.
2026-07-28 16:26:11.783 [restartedMain] INFO  com.example.test.TestApplication - Started TestApplication in 3.604 seconds (process running for 4.281)
2026-07-28 16:30:07.338 [SpringApplicationShutdownHook] INFO  com.zaxxer.hikari.HikariDataSource - HikariPool-1 - Shutdown initiated...
2026-07-28 16:30:07.339 [SpringApplicationShutdownHook] INFO  com.zaxxer.hikari.HikariDataSource - HikariPool-1 - Shutdown completed.
2026-07-28 16:30:11.029 [restartedMain] INFO  com.example.test.TestApplication - Starting TestApplication using Java 21.0.11 with PID 27856 (C:\Users\ADMIN88\jvabackend\test\build\classes\java\main started by ADMIN88 in C:\Users\ADMIN88\jvabackend\test)
2026-07-28 16:30:11.031 [restartedMain] INFO  com.example.test.TestApplication - No active profile set, falling back to 1 default profile: "default"
2026-07-28 16:30:12.669 [restartedMain] INFO  com.zaxxer.hikari.HikariDataSource - HikariPool-1 - Starting...
2026-07-28 16:30:12.883 [restartedMain] INFO  com.zaxxer.hikari.pool.HikariPool - HikariPool-1 - Added connection org.postgresql.jdbc.PgConnection@b3ead86
2026-07-28 16:30:12.884 [restartedMain] INFO  com.zaxxer.hikari.HikariDataSource - HikariPool-1 - Start completed.
2026-07-28 16:30:14.886 [restartedMain] INFO  com.example.test.TestApplication - Started TestApplication in 4.244 seconds (process running for 4.727)
2026-07-28 16:31:01.787 [Thread-1] INFO  com.zaxxer.hikari.HikariDataSource - HikariPool-1 - Shutdown initiated...
2026-07-28 16:31:01.790 [Thread-1] INFO  com.zaxxer.hikari.HikariDataSource - HikariPool-1 - Shutdown completed.
2026-07-28 16:31:01.888 [restartedMain] INFO  com.example.test.TestApplication - Starting TestApplication using Java 21.0.11 with PID 27856 (C:\Users\ADMIN88\jvabackend\test\build\classes\java\main started by ADMIN88 in C:\Users\ADMIN88\jvabackend\test)
2026-07-28 16:31:01.888 [restartedMain] INFO  com.example.test.TestApplication - No active profile set, falling back to 1 default profile: "default"
2026-07-28 16:31:02.365 [restartedMain] INFO  com.zaxxer.hikari.HikariDataSource - HikariPool-2 - Starting...
2026-07-28 16:31:02.389 [restartedMain] INFO  com.zaxxer.hikari.pool.HikariPool - HikariPool-2 - Added connection org.postgresql.jdbc.PgConnection@59cc9a31
2026-07-28 16:31:02.389 [restartedMain] INFO  com.zaxxer.hikari.HikariDataSource - HikariPool-2 - Start completed.
2026-07-28 16:31:03.020 [restartedMain] INFO  com.example.test.TestApplication - Started TestApplication in 1.174 seconds (process running for 52.861)
2026-07-28 16:32:37.799 [Thread-5] INFO  com.zaxxer.hikari.HikariDataSource - HikariPool-2 - Shutdown initiated...
2026-07-28 16:32:37.807 [Thread-5] INFO  com.zaxxer.hikari.HikariDataSource - HikariPool-2 - Shutdown completed.
2026-07-28 16:32:37.908 [restartedMain] INFO  com.example.test.TestApplication - Starting TestApplication using Java 21.0.11 with PID 27856 (C:\Users\ADMIN88\jvabackend\test\build\classes\java\main started by ADMIN88 in C:\Users\ADMIN88\jvabackend\test)
2026-07-28 16:32:37.909 [restartedMain] INFO  com.example.test.TestApplication - No active profile set, falling back to 1 default profile: "default"
2026-07-28 16:32:39.430 [restartedMain] INFO  com.example.test.TestApplication - Starting TestApplication using Java 21.0.11 with PID 27856 (C:\Users\ADMIN88\jvabackend\test\build\classes\java\main started by ADMIN88 in C:\Users\ADMIN88\jvabackend\test)
2026-07-28 16:32:39.430 [restartedMain] INFO  com.example.test.TestApplication - No active profile set, falling back to 1 default profile: "default"
2026-07-28 16:32:39.873 [restartedMain] INFO  com.zaxxer.hikari.HikariDataSource - HikariPool-3 - Starting...
2026-07-28 16:32:39.901 [restartedMain] INFO  com.zaxxer.hikari.pool.HikariPool - HikariPool-3 - Added connection org.postgresql.jdbc.PgConnection@16acb17a
2026-07-28 16:32:39.901 [restartedMain] INFO  com.zaxxer.hikari.HikariDataSource - HikariPool-3 - Start completed.
2026-07-28 16:32:40.667 [restartedMain] INFO  com.example.test.TestApplication - Started TestApplication in 1.27 seconds (process running for 150.508)
2026-07-28 16:32:44.379 [http-nio-8080-exec-2] INFO  c.e.t.m.s.impl.UserServiceImpl - Updating profile record with ID: 5
2026-07-28 16:33:19.273 [http-nio-8080-exec-8] INFO  c.e.t.m.s.impl.UserServiceImpl - Updating profile record with ID: 5
2026-07-28 16:33:22.192 [http-nio-8080-exec-4] INFO  c.e.t.m.s.impl.UserServiceImpl - Updating profile record with ID: 5
2026-07-28 16:33:23.287 [http-nio-8080-exec-6] INFO  c.e.t.m.s.impl.UserServiceImpl - Updating profile record with ID: 5
2026-07-28 16:33:24.281 [http-nio-8080-exec-7] INFO  c.e.t.m.s.impl.UserServiceImpl - Updating profile record with ID: 5
2026-07-28 16:33:25.429 [http-nio-8080-exec-5] INFO  c.e.t.m.s.impl.UserServiceImpl - Updating profile record with ID: 5
2026-07-28 16:34:19.660 [Thread-9] INFO  com.zaxxer.hikari.HikariDataSource - HikariPool-3 - Shutdown initiated...
2026-07-28 16:34:19.662 [Thread-9] INFO  com.zaxxer.hikari.HikariDataSource - HikariPool-3 - Shutdown completed.
2026-07-28 16:34:19.741 [restartedMain] INFO  com.example.test.TestApplication - Starting TestApplication using Java 21.0.11 with PID 27856 (C:\Users\ADMIN88\jvabackend\test\build\classes\java\main started by ADMIN88 in C:\Users\ADMIN88\jvabackend\test)
2026-07-28 16:34:19.741 [restartedMain] INFO  com.example.test.TestApplication - No active profile set, falling back to 1 default profile: "default"
2026-07-28 16:34:19.985 [restartedMain] INFO  com.zaxxer.hikari.HikariDataSource - HikariPool-4 - Starting...
2026-07-28 16:34:20.017 [restartedMain] INFO  com.zaxxer.hikari.pool.HikariPool - HikariPool-4 - Added connection org.postgresql.jdbc.PgConnection@39200921
2026-07-28 16:34:20.017 [restartedMain] INFO  com.zaxxer.hikari.HikariDataSource - HikariPool-4 - Start completed.
2026-07-28 16:34:20.493 [restartedMain] INFO  com.example.test.TestApplication - Started TestApplication in 0.774 seconds (process running for 250.334)
2026-07-28 16:34:47.494 [Thread-15] INFO  com.zaxxer.hikari.HikariDataSource - HikariPool-4 - Shutdown initiated...
2026-07-28 16:34:47.497 [Thread-15] INFO  com.zaxxer.hikari.HikariDataSource - HikariPool-4 - Shutdown completed.
2026-07-28 16:34:47.580 [restartedMain] INFO  com.example.test.TestApplication - Starting TestApplication using Java 21.0.11 with PID 27856 (C:\Users\ADMIN88\jvabackend\test\build\classes\java\main started by ADMIN88 in C:\Users\ADMIN88\jvabackend\test)
2026-07-28 16:34:47.580 [restartedMain] INFO  com.example.test.TestApplication - No active profile set, falling back to 1 default profile: "default"
2026-07-28 16:34:47.995 [restartedMain] INFO  com.zaxxer.hikari.HikariDataSource - HikariPool-5 - Starting...
2026-07-28 16:34:48.020 [restartedMain] INFO  com.zaxxer.hikari.pool.HikariPool - HikariPool-5 - Added connection org.postgresql.jdbc.PgConnection@3e4afae
2026-07-28 16:34:48.020 [restartedMain] INFO  com.zaxxer.hikari.HikariDataSource - HikariPool-5 - Start completed.
2026-07-28 16:34:48.644 [restartedMain] INFO  com.example.test.TestApplication - Started TestApplication in 1.098 seconds (process running for 278.484)
