2026-07-30 08:19:53.223 [restartedMain] INFO  com.example.test.TestApplication - Starting TestApplication using Java 21.0.11 with PID 15060 (C:\Users\ADMIN88\jvabackend\test\build\classes\java\main started by ADMIN88 in C:\Users\ADMIN88\jvabackend\test)
2026-07-30 08:19:53.226 [restartedMain] INFO  com.example.test.TestApplication - No active profile set, falling back to 1 default profile: "default"
2026-07-30 08:19:56.105 [restartedMain] INFO  com.zaxxer.hikari.HikariDataSource - HikariPool-1 - Starting...
2026-07-30 08:19:56.259 [restartedMain] INFO  com.zaxxer.hikari.pool.HikariPool - HikariPool-1 - Added connection org.postgresql.jdbc.PgConnection@3f88c5d5
2026-07-30 08:19:56.260 [restartedMain] INFO  com.zaxxer.hikari.HikariDataSource - HikariPool-1 - Start completed.
2026-07-30 08:19:58.939 [restartedMain] INFO  com.example.test.TestApplication - Started TestApplication in 6.645 seconds (process running for 8.167)
2026-07-30 08:20:10.061 [http-nio-8080-exec-1] INFO  c.e.test.controllers.UserController - Fetching all users
2026-07-30 08:20:45.134 [http-nio-8080-exec-3] INFO  c.e.test.controllers.AuthController - Attempting login for user: nhanvien03
2026-07-30 08:21:05.300 [http-nio-8080-exec-4] INFO  c.e.test.controllers.UserController - Fetching all users
2026-07-30 08:21:35.673 [http-nio-8080-exec-5] INFO  c.e.test.controllers.AuthController - Attempting login for user: nhanvien02
2026-07-30 08:22:01.845 [http-nio-8080-exec-6] INFO  c.e.test.controllers.AuthController - Attempting login for user: nhanvien03
2026-07-30 08:22:18.401 [http-nio-8080-exec-8] INFO  c.e.t.m.s.impl.AuthServiceImpl - Blocking user record with ID: 12
2026-07-30 08:22:29.913 [http-nio-8080-exec-9] INFO  c.e.t.m.s.impl.AuthServiceImpl - Blocking user record with ID: 12
2026-07-30 08:23:01.967 [http-nio-8080-exec-10] INFO  c.e.t.m.s.impl.AuthServiceImpl - Blocking user record with ID: 12
2026-07-30 08:23:03.862 [http-nio-8080-exec-2] INFO  c.e.t.m.s.impl.AuthServiceImpl - Blocking user record with ID: 12
2026-07-30 08:23:05.184 [http-nio-8080-exec-1] INFO  c.e.t.m.s.impl.AuthServiceImpl - Blocking user record with ID: 12
2026-07-30 08:23:26.719 [http-nio-8080-exec-3] INFO  c.e.test.controllers.AuthController - Attempting login for user: nhanvien01
2026-07-30 08:23:46.623 [http-nio-8080-exec-5] INFO  c.e.t.m.s.impl.AuthServiceImpl - Blocking user record with ID: 12
2026-07-30 08:23:47.601 [http-nio-8080-exec-7] INFO  c.e.t.m.s.impl.AuthServiceImpl - Blocking user record with ID: 12
2026-07-30 08:23:49.604 [http-nio-8080-exec-6] INFO  c.e.t.m.s.impl.AuthServiceImpl - Blocking user record with ID: 12
2026-07-30 08:23:53.043 [http-nio-8080-exec-8] INFO  c.e.t.m.s.impl.AuthServiceImpl - Blocking user record with ID: 12
2026-07-30 08:27:13.297 [Thread-1] INFO  com.zaxxer.hikari.HikariDataSource - HikariPool-1 - Shutdown initiated...
2026-07-30 08:27:13.303 [Thread-1] INFO  com.zaxxer.hikari.HikariDataSource - HikariPool-1 - Shutdown completed.
2026-07-30 08:27:13.491 [restartedMain] INFO  com.example.test.TestApplication - Starting TestApplication using Java 21.0.11 with PID 15060 (C:\Users\ADMIN88\jvabackend\test\build\classes\java\main started by ADMIN88 in C:\Users\ADMIN88\jvabackend\test)
2026-07-30 08:27:13.492 [restartedMain] INFO  com.example.test.TestApplication - No active profile set, falling back to 1 default profile: "default"
2026-07-30 08:27:14.869 [restartedMain] INFO  com.zaxxer.hikari.HikariDataSource - HikariPool-2 - Starting...
2026-07-30 08:27:14.917 [restartedMain] INFO  com.zaxxer.hikari.pool.HikariPool - HikariPool-2 - Added connection org.postgresql.jdbc.PgConnection@27be2772
2026-07-30 08:27:14.917 [restartedMain] INFO  com.zaxxer.hikari.HikariDataSource - HikariPool-2 - Start completed.
2026-07-30 08:27:16.637 [restartedMain] INFO  com.example.test.TestApplication - Started TestApplication in 3.227 seconds (process running for 445.864)
2026-07-30 08:27:18.101 [Thread-5] INFO  com.zaxxer.hikari.HikariDataSource - HikariPool-2 - Shutdown initiated...
2026-07-30 08:27:18.110 [Thread-5] INFO  com.zaxxer.hikari.HikariDataSource - HikariPool-2 - Shutdown completed.
2026-07-30 08:27:18.316 [restartedMain] INFO  com.example.test.TestApplication - Starting TestApplication using Java 21.0.11 with PID 15060 (C:\Users\ADMIN88\jvabackend\test\build\classes\java\main started by ADMIN88 in C:\Users\ADMIN88\jvabackend\test)
2026-07-30 08:27:18.317 [restartedMain] INFO  com.example.test.TestApplication - No active profile set, falling back to 1 default profile: "default"
2026-07-30 08:27:19.270 [restartedMain] INFO  com.zaxxer.hikari.HikariDataSource - HikariPool-3 - Starting...
2026-07-30 08:27:19.324 [restartedMain] INFO  com.zaxxer.hikari.pool.HikariPool - HikariPool-3 - Added connection org.postgresql.jdbc.PgConnection@dfaa62c
2026-07-30 08:27:19.325 [restartedMain] INFO  com.zaxxer.hikari.HikariDataSource - HikariPool-3 - Start completed.
2026-07-30 08:27:20.458 [restartedMain] INFO  com.example.test.TestApplication - Started TestApplication in 2.24 seconds (process running for 449.686)
2026-07-30 08:27:58.032 [http-nio-8080-exec-6] INFO  c.e.t.m.s.impl.AuthServiceImpl - Blocking user record with ID: 12
2026-07-30 08:28:00.496 [http-nio-8080-exec-7] INFO  c.e.t.m.s.impl.AuthServiceImpl - Blocking user record with ID: 12
2026-07-30 08:28:02.381 [http-nio-8080-exec-8] INFO  c.e.t.m.s.impl.AuthServiceImpl - Blocking user record with ID: 12
2026-07-30 08:28:03.825 [http-nio-8080-exec-9] INFO  c.e.t.m.s.impl.AuthServiceImpl - Blocking user record with ID: 12
2026-07-30 08:28:08.151 [http-nio-8080-exec-10] INFO  c.e.t.m.s.impl.AuthServiceImpl - Blocking user record with ID: 13
2026-07-30 08:28:12.366 [http-nio-8080-exec-1] INFO  c.e.t.m.s.impl.AuthServiceImpl - Blocking user record with ID: 13
2026-07-30 08:28:13.387 [http-nio-8080-exec-2] INFO  c.e.t.m.s.impl.AuthServiceImpl - Blocking user record with ID: 13
2026-07-30 08:30:43.950 [Thread-9] INFO  com.zaxxer.hikari.HikariDataSource - HikariPool-3 - Shutdown initiated...
2026-07-30 08:30:43.957 [Thread-9] INFO  com.zaxxer.hikari.HikariDataSource - HikariPool-3 - Shutdown completed.
2026-07-30 08:30:44.085 [restartedMain] INFO  com.example.test.TestApplication - Starting TestApplication using Java 21.0.11 with PID 15060 (C:\Users\ADMIN88\jvabackend\test\build\classes\java\main started by ADMIN88 in C:\Users\ADMIN88\jvabackend\test)
2026-07-30 08:30:44.086 [restartedMain] INFO  com.example.test.TestApplication - No active profile set, falling back to 1 default profile: "default"
2026-07-30 08:30:44.811 [restartedMain] INFO  com.zaxxer.hikari.HikariDataSource - HikariPool-4 - Starting...
2026-07-30 08:30:44.859 [restartedMain] INFO  com.zaxxer.hikari.pool.HikariPool - HikariPool-4 - Added connection org.postgresql.jdbc.PgConnection@3a31d313
2026-07-30 08:30:44.859 [restartedMain] INFO  com.zaxxer.hikari.HikariDataSource - HikariPool-4 - Start completed.
2026-07-30 08:30:45.503 [restartedMain] INFO  com.zaxxer.hikari.HikariDataSource - HikariPool-4 - Shutdown initiated...
2026-07-30 08:30:45.588 [restartedMain] INFO  com.zaxxer.hikari.HikariDataSource - HikariPool-4 - Shutdown completed.
2026-07-30 08:30:47.170 [restartedMain] INFO  com.example.test.TestApplication - Starting TestApplication using Java 21.0.11 with PID 15060 (C:\Users\ADMIN88\jvabackend\test\build\classes\java\main started by ADMIN88 in C:\Users\ADMIN88\jvabackend\test)
2026-07-30 08:30:47.170 [restartedMain] INFO  com.example.test.TestApplication - No active profile set, falling back to 1 default profile: "default"
2026-07-30 08:30:47.436 [restartedMain] INFO  com.zaxxer.hikari.HikariDataSource - HikariPool-5 - Starting...
2026-07-30 08:30:47.471 [restartedMain] INFO  com.zaxxer.hikari.pool.HikariPool - HikariPool-5 - Added connection org.postgresql.jdbc.PgConnection@4fdabebb
2026-07-30 08:30:47.472 [restartedMain] INFO  com.zaxxer.hikari.HikariDataSource - HikariPool-5 - Start completed.
2026-07-30 08:30:47.961 [restartedMain] INFO  com.example.test.TestApplication - Started TestApplication in 0.809 seconds (process running for 657.188)
2026-07-30 08:30:51.905 [http-nio-8080-exec-5] INFO  c.e.t.m.s.impl.AuthServiceImpl - Blocking user record with ID: 13
2026-07-30 08:30:52.827 [http-nio-8080-exec-9] INFO  c.e.t.m.s.impl.AuthServiceImpl - Blocking user record with ID: 13
2026-07-30 08:30:53.661 [http-nio-8080-exec-8] INFO  c.e.t.m.s.impl.AuthServiceImpl - Blocking user record with ID: 13
2026-07-30 08:30:54.555 [http-nio-8080-exec-3] INFO  c.e.t.m.s.impl.AuthServiceImpl - Blocking user record with ID: 13
2026-07-30 08:30:56.019 [http-nio-8080-exec-6] INFO  c.e.t.m.s.impl.AuthServiceImpl - Blocking user record with ID: 13
2026-07-30 08:31:10.919 [http-nio-8080-exec-7] INFO  c.e.t.m.s.impl.AuthServiceImpl - Blocking user record with ID: 13
2026-07-30 08:31:11.656 [http-nio-8080-exec-2] INFO  c.e.t.m.s.impl.AuthServiceImpl - Blocking user record with ID: 13
2026-07-30 08:32:12.260 [Thread-13] INFO  com.zaxxer.hikari.HikariDataSource - HikariPool-5 - Shutdown initiated...
2026-07-30 08:32:12.265 [Thread-13] INFO  com.zaxxer.hikari.HikariDataSource - HikariPool-5 - Shutdown completed.
2026-07-30 08:32:12.416 [restartedMain] INFO  com.example.test.TestApplication - Starting TestApplication using Java 21.0.11 with PID 15060 (C:\Users\ADMIN88\jvabackend\test\build\classes\java\main started by ADMIN88 in C:\Users\ADMIN88\jvabackend\test)
2026-07-30 08:32:12.417 [restartedMain] INFO  com.example.test.TestApplication - No active profile set, falling back to 1 default profile: "default"
2026-07-30 08:32:13.394 [restartedMain] INFO  com.zaxxer.hikari.HikariDataSource - HikariPool-6 - Starting...
2026-07-30 08:32:13.468 [restartedMain] INFO  com.zaxxer.hikari.pool.HikariPool - HikariPool-6 - Added connection org.postgresql.jdbc.PgConnection@6fef29b9
2026-07-30 08:32:13.468 [restartedMain] INFO  com.zaxxer.hikari.HikariDataSource - HikariPool-6 - Start completed.
2026-07-30 08:32:13.932 [restartedMain] INFO  com.zaxxer.hikari.HikariDataSource - HikariPool-6 - Shutdown initiated...
2026-07-30 08:32:13.984 [restartedMain] INFO  com.zaxxer.hikari.HikariDataSource - HikariPool-6 - Shutdown completed.
2026-07-30 08:32:15.563 [restartedMain] INFO  com.example.test.TestApplication - Starting TestApplication using Java 21.0.11 with PID 15060 (C:\Users\ADMIN88\jvabackend\test\build\classes\java\main started by ADMIN88 in C:\Users\ADMIN88\jvabackend\test)
2026-07-30 08:32:15.564 [restartedMain] INFO  com.example.test.TestApplication - No active profile set, falling back to 1 default profile: "default"
2026-07-30 08:32:16.218 [restartedMain] INFO  com.zaxxer.hikari.HikariDataSource - HikariPool-7 - Starting...
2026-07-30 08:32:16.244 [restartedMain] INFO  com.zaxxer.hikari.pool.HikariPool - HikariPool-7 - Added connection org.postgresql.jdbc.PgConnection@79306d8
2026-07-30 08:32:16.244 [restartedMain] INFO  com.zaxxer.hikari.HikariDataSource - HikariPool-7 - Start completed.
2026-07-30 08:32:17.443 [restartedMain] INFO  com.example.test.TestApplication - Started TestApplication in 1.944 seconds (process running for 746.671)
2026-07-30 08:32:25.560 [Thread-20] INFO  com.zaxxer.hikari.HikariDataSource - HikariPool-7 - Shutdown initiated...
2026-07-30 08:32:25.579 [Thread-20] INFO  com.zaxxer.hikari.HikariDataSource - HikariPool-7 - Shutdown completed.
2026-07-30 08:32:25.837 [restartedMain] INFO  com.example.test.TestApplication - Starting TestApplication using Java 21.0.11 with PID 15060 (C:\Users\ADMIN88\jvabackend\test\build\classes\java\main started by ADMIN88 in C:\Users\ADMIN88\jvabackend\test)
2026-07-30 08:32:25.837 [restartedMain] INFO  com.example.test.TestApplication - No active profile set, falling back to 1 default profile: "default"
2026-07-30 08:32:26.598 [restartedMain] INFO  com.zaxxer.hikari.HikariDataSource - HikariPool-8 - Starting...
2026-07-30 08:32:26.633 [restartedMain] INFO  com.zaxxer.hikari.pool.HikariPool - HikariPool-8 - Added connection org.postgresql.jdbc.PgConnection@157cd175
2026-07-30 08:32:26.633 [restartedMain] INFO  com.zaxxer.hikari.HikariDataSource - HikariPool-8 - Start completed.
2026-07-30 08:32:27.578 [restartedMain] INFO  com.example.test.TestApplication - Started TestApplication in 1.784 seconds (process running for 756.805)
2026-07-30 08:33:35.199 [Thread-27] INFO  com.zaxxer.hikari.HikariDataSource - HikariPool-8 - Shutdown initiated...
2026-07-30 08:33:35.222 [Thread-27] INFO  com.zaxxer.hikari.HikariDataSource - HikariPool-8 - Shutdown completed.
2026-07-30 08:33:35.412 [restartedMain] INFO  com.example.test.TestApplication - Starting TestApplication using Java 21.0.11 with PID 15060 (C:\Users\ADMIN88\jvabackend\test\build\classes\java\main started by ADMIN88 in C:\Users\ADMIN88\jvabackend\test)
2026-07-30 08:33:35.413 [restartedMain] INFO  com.example.test.TestApplication - No active profile set, falling back to 1 default profile: "default"
2026-07-30 08:33:35.956 [restartedMain] INFO  com.zaxxer.hikari.HikariDataSource - HikariPool-9 - Starting...
2026-07-30 08:33:35.993 [restartedMain] INFO  com.zaxxer.hikari.pool.HikariPool - HikariPool-9 - Added connection org.postgresql.jdbc.PgConnection@65edba56
2026-07-30 08:33:35.993 [restartedMain] INFO  com.zaxxer.hikari.HikariDataSource - HikariPool-9 - Start completed.
2026-07-30 08:33:36.731 [restartedMain] INFO  com.example.test.TestApplication - Started TestApplication in 1.362 seconds (process running for 825.958)
2026-07-30 08:35:19.625 [Thread-31] INFO  com.zaxxer.hikari.HikariDataSource - HikariPool-9 - Shutdown initiated...
2026-07-30 08:35:19.627 [Thread-31] INFO  com.zaxxer.hikari.HikariDataSource - HikariPool-9 - Shutdown completed.
2026-07-30 08:35:19.898 [restartedMain] INFO  com.example.test.TestApplication - Starting TestApplication using Java 21.0.11 with PID 15060 (C:\Users\ADMIN88\jvabackend\test\build\classes\java\main started by ADMIN88 in C:\Users\ADMIN88\jvabackend\test)
2026-07-30 08:35:19.899 [restartedMain] INFO  com.example.test.TestApplication - No active profile set, falling back to 1 default profile: "default"
2026-07-30 08:35:20.919 [restartedMain] INFO  com.zaxxer.hikari.HikariDataSource - HikariPool-10 - Starting...
2026-07-30 08:35:20.962 [restartedMain] INFO  com.zaxxer.hikari.pool.HikariPool - HikariPool-10 - Added connection org.postgresql.jdbc.PgConnection@677c0846
2026-07-30 08:35:20.964 [restartedMain] INFO  com.zaxxer.hikari.HikariDataSource - HikariPool-10 - Start completed.
2026-07-30 08:35:21.901 [restartedMain] INFO  com.example.test.TestApplication - Started TestApplication in 2.126 seconds (process running for 931.129)
2026-07-30 08:36:12.667 [Thread-35] INFO  com.zaxxer.hikari.HikariDataSource - HikariPool-10 - Shutdown initiated...
2026-07-30 08:36:12.683 [Thread-35] INFO  com.zaxxer.hikari.HikariDataSource - HikariPool-10 - Shutdown completed.
2026-07-30 08:36:12.922 [restartedMain] INFO  com.example.test.TestApplication - Starting TestApplication using Java 21.0.11 with PID 15060 (C:\Users\ADMIN88\jvabackend\test\build\classes\java\main started by ADMIN88 in C:\Users\ADMIN88\jvabackend\test)
2026-07-30 08:36:12.924 [restartedMain] INFO  com.example.test.TestApplication - No active profile set, falling back to 1 default profile: "default"
2026-07-30 08:36:13.568 [restartedMain] INFO  com.zaxxer.hikari.HikariDataSource - HikariPool-11 - Starting...
2026-07-30 08:36:13.617 [restartedMain] INFO  com.zaxxer.hikari.pool.HikariPool - HikariPool-11 - Added connection org.postgresql.jdbc.PgConnection@36281c43
2026-07-30 08:36:13.618 [restartedMain] INFO  com.zaxxer.hikari.HikariDataSource - HikariPool-11 - Start completed.
2026-07-30 08:36:14.451 [restartedMain] INFO  com.example.test.TestApplication - Started TestApplication in 1.605 seconds (process running for 983.678)
2026-07-30 08:36:15.874 [Thread-39] INFO  com.zaxxer.hikari.HikariDataSource - HikariPool-11 - Shutdown initiated...
2026-07-30 08:36:15.888 [Thread-39] INFO  com.zaxxer.hikari.HikariDataSource - HikariPool-11 - Shutdown completed.
2026-07-30 08:36:15.984 [restartedMain] INFO  com.example.test.TestApplication - Starting TestApplication using Java 21.0.11 with PID 15060 (C:\Users\ADMIN88\jvabackend\test\build\classes\java\main started by ADMIN88 in C:\Users\ADMIN88\jvabackend\test)
2026-07-30 08:36:15.984 [restartedMain] INFO  com.example.test.TestApplication - No active profile set, falling back to 1 default profile: "default"
2026-07-30 08:36:16.555 [restartedMain] INFO  com.zaxxer.hikari.HikariDataSource - HikariPool-12 - Starting...
2026-07-30 08:36:16.588 [restartedMain] INFO  com.zaxxer.hikari.pool.HikariPool - HikariPool-12 - Added connection org.postgresql.jdbc.PgConnection@76c40fb1
2026-07-30 08:36:16.588 [restartedMain] INFO  com.zaxxer.hikari.HikariDataSource - HikariPool-12 - Start completed.
2026-07-30 08:36:17.304 [restartedMain] INFO  com.example.test.TestApplication - Started TestApplication in 1.34 seconds (process running for 986.532)
2026-07-30 08:36:36.322 [Thread-43] INFO  com.zaxxer.hikari.HikariDataSource - HikariPool-12 - Shutdown initiated...
2026-07-30 08:36:36.326 [Thread-43] INFO  com.zaxxer.hikari.HikariDataSource - HikariPool-12 - Shutdown completed.
2026-07-30 08:36:36.439 [restartedMain] INFO  com.example.test.TestApplication - Starting TestApplication using Java 21.0.11 with PID 15060 (C:\Users\ADMIN88\jvabackend\test\build\classes\java\main started by ADMIN88 in C:\Users\ADMIN88\jvabackend\test)
2026-07-30 08:36:36.439 [restartedMain] INFO  com.example.test.TestApplication - No active profile set, falling back to 1 default profile: "default"
2026-07-30 08:36:37.354 [restartedMain] INFO  com.zaxxer.hikari.HikariDataSource - HikariPool-13 - Starting...
2026-07-30 08:36:37.382 [restartedMain] INFO  com.zaxxer.hikari.pool.HikariPool - HikariPool-13 - Added connection org.postgresql.jdbc.PgConnection@6601011f
2026-07-30 08:36:37.383 [restartedMain] INFO  com.zaxxer.hikari.HikariDataSource - HikariPool-13 - Start completed.
2026-07-30 08:36:37.965 [restartedMain] INFO  com.zaxxer.hikari.HikariDataSource - HikariPool-13 - Shutdown initiated...
2026-07-30 08:36:37.993 [restartedMain] INFO  com.zaxxer.hikari.HikariDataSource - HikariPool-13 - Shutdown completed.
2026-07-30 08:36:39.482 [restartedMain] INFO  com.example.test.TestApplication - Starting TestApplication using Java 21.0.11 with PID 15060 (C:\Users\ADMIN88\jvabackend\test\build\classes\java\main started by ADMIN88 in C:\Users\ADMIN88\jvabackend\test)
2026-07-30 08:36:39.482 [restartedMain] INFO  com.example.test.TestApplication - No active profile set, falling back to 1 default profile: "default"
2026-07-30 08:36:39.727 [restartedMain] INFO  com.zaxxer.hikari.HikariDataSource - HikariPool-14 - Starting...
2026-07-30 08:36:39.768 [restartedMain] INFO  com.zaxxer.hikari.pool.HikariPool - HikariPool-14 - Added connection org.postgresql.jdbc.PgConnection@267c0ba
2026-07-30 08:36:39.768 [restartedMain] INFO  com.zaxxer.hikari.HikariDataSource - HikariPool-14 - Start completed.
2026-07-30 08:36:40.311 [restartedMain] INFO  com.example.test.TestApplication - Started TestApplication in 0.844 seconds (process running for 1009.538)
2026-07-30 08:37:08.787 [Thread-47] INFO  com.zaxxer.hikari.HikariDataSource - HikariPool-14 - Shutdown initiated...
2026-07-30 08:37:08.796 [Thread-47] INFO  com.zaxxer.hikari.HikariDataSource - HikariPool-14 - Shutdown completed.
2026-07-30 08:37:08.981 [restartedMain] INFO  com.example.test.TestApplication - Starting TestApplication using Java 21.0.11 with PID 15060 (C:\Users\ADMIN88\jvabackend\test\build\classes\java\main started by ADMIN88 in C:\Users\ADMIN88\jvabackend\test)
2026-07-30 08:37:08.981 [restartedMain] INFO  com.example.test.TestApplication - No active profile set, falling back to 1 default profile: "default"
2026-07-30 08:37:10.427 [restartedMain] INFO  com.zaxxer.hikari.HikariDataSource - HikariPool-15 - Starting...
2026-07-30 08:37:10.508 [restartedMain] INFO  com.zaxxer.hikari.pool.HikariPool - HikariPool-15 - Added connection org.postgresql.jdbc.PgConnection@7feadf6c
2026-07-30 08:37:10.509 [restartedMain] INFO  com.zaxxer.hikari.HikariDataSource - HikariPool-15 - Start completed.
2026-07-30 08:37:11.920 [restartedMain] INFO  com.example.test.TestApplication - Started TestApplication in 3.011 seconds (process running for 1041.148)
2026-07-30 08:37:14.418 [Thread-54] INFO  com.zaxxer.hikari.HikariDataSource - HikariPool-15 - Shutdown initiated...
2026-07-30 08:37:14.421 [Thread-54] INFO  com.zaxxer.hikari.HikariDataSource - HikariPool-15 - Shutdown completed.
2026-07-30 08:37:14.549 [restartedMain] INFO  com.example.test.TestApplication - Starting TestApplication using Java 21.0.11 with PID 15060 (C:\Users\ADMIN88\jvabackend\test\build\classes\java\main started by ADMIN88 in C:\Users\ADMIN88\jvabackend\test)
2026-07-30 08:37:14.549 [restartedMain] INFO  com.example.test.TestApplication - No active profile set, falling back to 1 default profile: "default"
2026-07-30 08:37:15.060 [restartedMain] INFO  com.zaxxer.hikari.HikariDataSource - HikariPool-16 - Starting...
2026-07-30 08:37:15.092 [restartedMain] INFO  com.zaxxer.hikari.pool.HikariPool - HikariPool-16 - Added connection org.postgresql.jdbc.PgConnection@2f945849
2026-07-30 08:37:15.093 [restartedMain] INFO  com.zaxxer.hikari.HikariDataSource - HikariPool-16 - Start completed.
2026-07-30 08:37:15.884 [restartedMain] INFO  com.example.test.TestApplication - Started TestApplication in 1.37 seconds (process running for 1045.111)
2026-07-30 08:37:24.926 [Thread-58] INFO  com.zaxxer.hikari.HikariDataSource - HikariPool-16 - Shutdown initiated...
2026-07-30 08:37:24.927 [Thread-58] INFO  com.zaxxer.hikari.HikariDataSource - HikariPool-16 - Shutdown completed.
2026-07-30 08:37:25.054 [restartedMain] INFO  com.example.test.TestApplication - Starting TestApplication using Java 21.0.11 with PID 15060 (C:\Users\ADMIN88\jvabackend\test\build\classes\java\main started by ADMIN88 in C:\Users\ADMIN88\jvabackend\test)
2026-07-30 08:37:25.055 [restartedMain] INFO  com.example.test.TestApplication - No active profile set, falling back to 1 default profile: "default"
2026-07-30 08:37:26.196 [restartedMain] INFO  com.zaxxer.hikari.HikariDataSource - HikariPool-17 - Starting...
2026-07-30 08:37:26.238 [restartedMain] INFO  com.zaxxer.hikari.pool.HikariPool - HikariPool-17 - Added connection org.postgresql.jdbc.PgConnection@902d897
2026-07-30 08:37:26.238 [restartedMain] INFO  com.zaxxer.hikari.HikariDataSource - HikariPool-17 - Start completed.
2026-07-30 08:37:26.504 [restartedMain] INFO  com.zaxxer.hikari.HikariDataSource - HikariPool-17 - Shutdown initiated...
2026-07-30 08:37:26.567 [restartedMain] INFO  com.zaxxer.hikari.HikariDataSource - HikariPool-17 - Shutdown completed.
2026-07-30 08:37:28.040 [restartedMain] INFO  com.example.test.TestApplication - Starting TestApplication using Java 21.0.11 with PID 15060 (C:\Users\ADMIN88\jvabackend\test\build\classes\java\main started by ADMIN88 in C:\Users\ADMIN88\jvabackend\test)
2026-07-30 08:37:28.040 [restartedMain] INFO  com.example.test.TestApplication - No active profile set, falling back to 1 default profile: "default"
2026-07-30 08:37:28.331 [restartedMain] INFO  com.zaxxer.hikari.HikariDataSource - HikariPool-18 - Starting...
2026-07-30 08:37:28.368 [restartedMain] INFO  com.zaxxer.hikari.pool.HikariPool - HikariPool-18 - Added connection org.postgresql.jdbc.PgConnection@6d842eec
2026-07-30 08:37:28.369 [restartedMain] INFO  com.zaxxer.hikari.HikariDataSource - HikariPool-18 - Start completed.
2026-07-30 08:37:28.837 [restartedMain] INFO  com.example.test.TestApplication - Started TestApplication in 0.819 seconds (process running for 1058.065)
2026-07-30 08:37:29.164 [SpringApplicationShutdownHook] INFO  com.zaxxer.hikari.HikariDataSource - HikariPool-18 - Shutdown initiated...
2026-07-30 08:37:29.165 [SpringApplicationShutdownHook] INFO  com.zaxxer.hikari.HikariDataSource - HikariPool-18 - Shutdown completed.
2026-07-30 08:38:34.672 [restartedMain] INFO  com.example.test.TestApplication - Starting TestApplication using Java 21.0.11 with PID 16120 (C:\Users\ADMIN88\jvabackend\test\build\classes\java\main started by ADMIN88 in C:\Users\ADMIN88\jvabackend\test)
2026-07-30 08:38:34.674 [restartedMain] INFO  com.example.test.TestApplication - No active profile set, falling back to 1 default profile: "default"
2026-07-30 08:38:36.975 [restartedMain] INFO  com.zaxxer.hikari.HikariDataSource - HikariPool-1 - Starting...
2026-07-30 08:38:37.078 [restartedMain] INFO  com.zaxxer.hikari.pool.HikariPool - HikariPool-1 - Added connection org.postgresql.jdbc.PgConnection@6aee0d01
2026-07-30 08:38:37.078 [restartedMain] INFO  com.zaxxer.hikari.HikariDataSource - HikariPool-1 - Start completed.
2026-07-30 08:38:41.421 [restartedMain] INFO  com.example.test.TestApplication - Started TestApplication in 7.408 seconds (process running for 8.543)
2026-07-30 08:38:55.681 [http-nio-8080-exec-1] INFO  c.e.t.m.s.impl.AuthServiceImpl - Blocking user record with ID: 13
2026-07-30 08:39:04.813 [http-nio-8080-exec-4] INFO  c.e.t.m.s.impl.AuthServiceImpl - Blocking user record with ID: 13
2026-07-30 08:57:20.111 [Thread-1] INFO  com.zaxxer.hikari.HikariDataSource - HikariPool-1 - Shutdown initiated...
2026-07-30 08:57:20.114 [Thread-1] INFO  com.zaxxer.hikari.HikariDataSource - HikariPool-1 - Shutdown completed.
2026-07-30 08:57:20.189 [restartedMain] INFO  com.example.test.TestApplication - Starting TestApplication using Java 21.0.11 with PID 16120 (C:\Users\ADMIN88\jvabackend\test\build\classes\java\main started by ADMIN88 in C:\Users\ADMIN88\jvabackend\test)
2026-07-30 08:57:20.189 [restartedMain] INFO  com.example.test.TestApplication - No active profile set, falling back to 1 default profile: "default"
2026-07-30 08:57:20.523 [restartedMain] INFO  com.zaxxer.hikari.HikariDataSource - HikariPool-2 - Starting...
2026-07-30 08:57:20.548 [restartedMain] INFO  com.zaxxer.hikari.pool.HikariPool - HikariPool-2 - Added connection org.postgresql.jdbc.PgConnection@2093fe63
2026-07-30 08:57:20.548 [restartedMain] INFO  com.zaxxer.hikari.HikariDataSource - HikariPool-2 - Start completed.
2026-07-30 08:57:20.975 [restartedMain] INFO  com.example.test.TestApplication - Started TestApplication in 0.813 seconds (process running for 1128.097)
2026-07-30 08:58:37.058 [Thread-5] INFO  com.zaxxer.hikari.HikariDataSource - HikariPool-2 - Shutdown initiated...
2026-07-30 08:58:37.062 [Thread-5] INFO  com.zaxxer.hikari.HikariDataSource - HikariPool-2 - Shutdown completed.
2026-07-30 08:58:37.158 [restartedMain] INFO  com.example.test.TestApplication - Starting TestApplication using Java 21.0.11 with PID 16120 (C:\Users\ADMIN88\jvabackend\test\build\classes\java\main started by ADMIN88 in C:\Users\ADMIN88\jvabackend\test)
2026-07-30 08:58:37.159 [restartedMain] INFO  com.example.test.TestApplication - No active profile set, falling back to 1 default profile: "default"
2026-07-30 08:58:37.669 [restartedMain] INFO  com.zaxxer.hikari.HikariDataSource - HikariPool-3 - Starting...
2026-07-30 08:58:37.816 [restartedMain] INFO  com.zaxxer.hikari.pool.HikariPool - HikariPool-3 - Added connection org.postgresql.jdbc.PgConnection@7355bcac
2026-07-30 08:58:37.816 [restartedMain] INFO  com.zaxxer.hikari.HikariDataSource - HikariPool-3 - Start completed.
2026-07-30 08:58:38.538 [restartedMain] INFO  com.example.test.TestApplication - Started TestApplication in 1.42 seconds (process running for 1205.661)
2026-07-30 08:58:39.960 [Thread-9] INFO  com.zaxxer.hikari.HikariDataSource - HikariPool-3 - Shutdown initiated...
2026-07-30 08:58:39.962 [Thread-9] INFO  com.zaxxer.hikari.HikariDataSource - HikariPool-3 - Shutdown completed.
2026-07-30 08:58:40.049 [restartedMain] INFO  com.example.test.TestApplication - Starting TestApplication using Java 21.0.11 with PID 16120 (C:\Users\ADMIN88\jvabackend\test\build\classes\java\main started by ADMIN88 in C:\Users\ADMIN88\jvabackend\test)
2026-07-30 08:58:40.049 [restartedMain] INFO  com.example.test.TestApplication - No active profile set, falling back to 1 default profile: "default"
2026-07-30 08:58:40.449 [restartedMain] INFO  com.zaxxer.hikari.HikariDataSource - HikariPool-4 - Starting...
2026-07-30 08:58:40.473 [restartedMain] INFO  com.zaxxer.hikari.pool.HikariPool - HikariPool-4 - Added connection org.postgresql.jdbc.PgConnection@49fc525c
2026-07-30 08:58:40.473 [restartedMain] INFO  com.zaxxer.hikari.HikariDataSource - HikariPool-4 - Start completed.
2026-07-30 08:58:40.899 [restartedMain] INFO  com.example.test.TestApplication - Started TestApplication in 0.884 seconds (process running for 1208.022)
2026-07-30 08:58:53.600 [Thread-13] INFO  com.zaxxer.hikari.HikariDataSource - HikariPool-4 - Shutdown initiated...
2026-07-30 08:58:53.603 [Thread-13] INFO  com.zaxxer.hikari.HikariDataSource - HikariPool-4 - Shutdown completed.
2026-07-30 08:58:53.694 [restartedMain] INFO  com.example.test.TestApplication - Starting TestApplication using Java 21.0.11 with PID 16120 (C:\Users\ADMIN88\jvabackend\test\build\classes\java\main started by ADMIN88 in C:\Users\ADMIN88\jvabackend\test)
2026-07-30 08:58:53.694 [restartedMain] INFO  com.example.test.TestApplication - No active profile set, falling back to 1 default profile: "default"
2026-07-30 08:58:54.063 [restartedMain] INFO  com.zaxxer.hikari.HikariDataSource - HikariPool-5 - Starting...
2026-07-30 08:58:54.107 [restartedMain] INFO  com.zaxxer.hikari.pool.HikariPool - HikariPool-5 - Added connection org.postgresql.jdbc.PgConnection@15d84b15
2026-07-30 08:58:54.107 [restartedMain] INFO  com.zaxxer.hikari.HikariDataSource - HikariPool-5 - Start completed.
2026-07-30 08:58:54.212 [restartedMain] INFO  com.zaxxer.hikari.HikariDataSource - HikariPool-5 - Shutdown initiated...
2026-07-30 08:58:54.214 [restartedMain] INFO  com.zaxxer.hikari.HikariDataSource - HikariPool-5 - Shutdown completed.
2026-07-30 08:58:56.772 [restartedMain] INFO  com.example.test.TestApplication - Starting TestApplication using Java 21.0.11 with PID 16120 (C:\Users\ADMIN88\jvabackend\test\build\classes\java\main started by ADMIN88 in C:\Users\ADMIN88\jvabackend\test)
2026-07-30 08:58:56.772 [restartedMain] INFO  com.example.test.TestApplication - No active profile set, falling back to 1 default profile: "default"
2026-07-30 08:58:57.051 [restartedMain] INFO  com.zaxxer.hikari.HikariDataSource - HikariPool-6 - Starting...
2026-07-30 08:58:57.076 [restartedMain] INFO  com.zaxxer.hikari.pool.HikariPool - HikariPool-6 - Added connection org.postgresql.jdbc.PgConnection@4f6de53f
2026-07-30 08:58:57.076 [restartedMain] INFO  com.zaxxer.hikari.HikariDataSource - HikariPool-6 - Start completed.
2026-07-30 08:58:57.473 [restartedMain] INFO  com.example.test.TestApplication - Started TestApplication in 0.735 seconds (process running for 1224.595)
2026-07-30 09:00:05.728 [SpringApplicationShutdownHook] INFO  com.zaxxer.hikari.HikariDataSource - HikariPool-6 - Shutdown initiated...
2026-07-30 09:00:05.730 [SpringApplicationShutdownHook] INFO  com.zaxxer.hikari.HikariDataSource - HikariPool-6 - Shutdown completed.
2026-07-30 09:25:53.735 [restartedMain] INFO  com.example.test.TestApplication - Starting TestApplication using Java 21.0.11 with PID 3420 (C:\Users\ADMIN88\jvabackend\test\build\classes\java\main started by ADMIN88 in C:\Users\ADMIN88\jvabackend\test)
2026-07-30 09:25:53.738 [restartedMain] INFO  com.example.test.TestApplication - No active profile set, falling back to 1 default profile: "default"
2026-07-30 09:25:55.289 [restartedMain] INFO  com.zaxxer.hikari.HikariDataSource - HikariPool-1 - Starting...
2026-07-30 09:25:55.360 [restartedMain] INFO  com.zaxxer.hikari.pool.HikariPool - HikariPool-1 - Added connection org.postgresql.jdbc.PgConnection@69fc55b5
2026-07-30 09:25:55.360 [restartedMain] INFO  com.zaxxer.hikari.HikariDataSource - HikariPool-1 - Start completed.
2026-07-30 09:25:57.303 [restartedMain] INFO  com.example.test.TestApplication - Started TestApplication in 4.081 seconds (process running for 4.924)
2026-07-30 09:46:45.447 [Thread-1] INFO  com.zaxxer.hikari.HikariDataSource - HikariPool-1 - Shutdown initiated...
2026-07-30 09:46:45.453 [Thread-1] INFO  com.zaxxer.hikari.HikariDataSource - HikariPool-1 - Shutdown completed.
2026-07-30 09:46:45.553 [restartedMain] INFO  com.example.test.TestApplication - Starting TestApplication using Java 21.0.11 with PID 3420 (C:\Users\ADMIN88\jvabackend\test\build\classes\java\main started by ADMIN88 in C:\Users\ADMIN88\jvabackend\test)
2026-07-30 09:46:45.553 [restartedMain] INFO  com.example.test.TestApplication - No active profile set, falling back to 1 default profile: "default"
2026-07-30 09:46:46.407 [restartedMain] INFO  com.zaxxer.hikari.HikariDataSource - HikariPool-2 - Starting...
2026-07-30 09:46:46.472 [restartedMain] INFO  com.zaxxer.hikari.pool.HikariPool - HikariPool-2 - Added connection org.postgresql.jdbc.PgConnection@1ac6d39c
2026-07-30 09:46:46.472 [restartedMain] INFO  com.zaxxer.hikari.HikariDataSource - HikariPool-2 - Start completed.
2026-07-30 09:46:46.944 [restartedMain] INFO  com.zaxxer.hikari.HikariDataSource - HikariPool-2 - Shutdown initiated...
2026-07-30 09:46:46.953 [restartedMain] INFO  com.zaxxer.hikari.HikariDataSource - HikariPool-2 - Shutdown completed.
2026-07-30 09:46:48.498 [restartedMain] INFO  com.example.test.TestApplication - Starting TestApplication using Java 21.0.11 with PID 3420 (C:\Users\ADMIN88\jvabackend\test\build\classes\java\main started by ADMIN88 in C:\Users\ADMIN88\jvabackend\test)
2026-07-30 09:46:48.498 [restartedMain] INFO  com.example.test.TestApplication - No active profile set, falling back to 1 default profile: "default"
2026-07-30 09:46:49.026 [restartedMain] INFO  com.zaxxer.hikari.HikariDataSource - HikariPool-3 - Starting...
2026-07-30 09:46:49.050 [restartedMain] INFO  com.zaxxer.hikari.pool.HikariPool - HikariPool-3 - Added connection org.postgresql.jdbc.PgConnection@7fb968aa
2026-07-30 09:46:49.051 [restartedMain] INFO  com.zaxxer.hikari.HikariDataSource - HikariPool-3 - Start completed.
2026-07-30 09:46:49.374 [restartedMain] INFO  com.zaxxer.hikari.HikariDataSource - HikariPool-3 - Shutdown initiated...
2026-07-30 09:46:49.415 [restartedMain] INFO  com.zaxxer.hikari.HikariDataSource - HikariPool-3 - Shutdown completed.
2026-07-30 09:48:24.967 [restartedMain] INFO  com.example.test.TestApplication - Starting TestApplication using Java 21.0.11 with PID 4616 (C:\Users\ADMIN88\jvabackend\test\build\classes\java\main started by ADMIN88 in C:\Users\ADMIN88\jvabackend\test)
2026-07-30 09:48:24.970 [restartedMain] INFO  com.example.test.TestApplication - No active profile set, falling back to 1 default profile: "default"
2026-07-30 09:48:26.521 [restartedMain] INFO  com.zaxxer.hikari.HikariDataSource - HikariPool-1 - Starting...
2026-07-30 09:48:26.610 [restartedMain] INFO  com.zaxxer.hikari.pool.HikariPool - HikariPool-1 - Added connection org.postgresql.jdbc.PgConnection@41a905e2
2026-07-30 09:48:26.611 [restartedMain] INFO  com.zaxxer.hikari.HikariDataSource - HikariPool-1 - Start completed.
2026-07-30 09:48:28.014 [restartedMain] INFO  com.zaxxer.hikari.HikariDataSource - HikariPool-1 - Shutdown initiated...
2026-07-30 09:48:28.017 [restartedMain] INFO  com.zaxxer.hikari.HikariDataSource - HikariPool-1 - Shutdown completed.
2026-07-30 09:49:30.112 [restartedMain] INFO  com.example.test.TestApplication - Starting TestApplication using Java 21.0.11 with PID 3100 (C:\Users\ADMIN88\jvabackend\test\build\classes\java\main started by ADMIN88 in C:\Users\ADMIN88\jvabackend\test)
2026-07-30 09:49:30.115 [restartedMain] INFO  com.example.test.TestApplication - No active profile set, falling back to 1 default profile: "default"
2026-07-30 09:49:31.539 [restartedMain] INFO  com.zaxxer.hikari.HikariDataSource - HikariPool-1 - Starting...
2026-07-30 09:49:31.613 [restartedMain] INFO  com.zaxxer.hikari.pool.HikariPool - HikariPool-1 - Added connection org.postgresql.jdbc.PgConnection@569af957
2026-07-30 09:49:31.614 [restartedMain] INFO  com.zaxxer.hikari.HikariDataSource - HikariPool-1 - Start completed.
2026-07-30 09:49:32.835 [restartedMain] INFO  com.zaxxer.hikari.HikariDataSource - HikariPool-1 - Shutdown initiated...
2026-07-30 09:49:32.838 [restartedMain] INFO  com.zaxxer.hikari.HikariDataSource - HikariPool-1 - Shutdown completed.
2026-07-30 09:53:24.912 [restartedMain] INFO  com.example.test.TestApplication - Starting TestApplication using Java 21.0.11 with PID 15560 (C:\Users\ADMIN88\jvabackend\test\build\classes\java\main started by ADMIN88 in C:\Users\ADMIN88\jvabackend\test)
2026-07-30 09:53:24.916 [restartedMain] INFO  com.example.test.TestApplication - No active profile set, falling back to 1 default profile: "default"
2026-07-30 09:53:26.569 [restartedMain] INFO  com.zaxxer.hikari.HikariDataSource - HikariPool-1 - Starting...
2026-07-30 09:53:26.640 [restartedMain] INFO  com.zaxxer.hikari.pool.HikariPool - HikariPool-1 - Added connection org.postgresql.jdbc.PgConnection@bbf891f
2026-07-30 09:53:26.641 [restartedMain] INFO  com.zaxxer.hikari.HikariDataSource - HikariPool-1 - Start completed.
2026-07-30 09:53:27.921 [restartedMain] INFO  com.zaxxer.hikari.HikariDataSource - HikariPool-1 - Shutdown initiated...
2026-07-30 09:53:27.924 [restartedMain] INFO  com.zaxxer.hikari.HikariDataSource - HikariPool-1 - Shutdown completed.
2026-07-30 09:56:52.877 [restartedMain] INFO  com.example.test.TestApplication - Starting TestApplication using Java 21.0.11 with PID 15108 (C:\Users\ADMIN88\jvabackend\test\build\classes\java\main started by ADMIN88 in C:\Users\ADMIN88\jvabackend\test)
2026-07-30 09:56:52.879 [restartedMain] INFO  com.example.test.TestApplication - No active profile set, falling back to 1 default profile: "default"
2026-07-30 09:56:54.371 [restartedMain] INFO  com.zaxxer.hikari.HikariDataSource - HikariPool-1 - Starting...
2026-07-30 09:56:54.447 [restartedMain] INFO  com.zaxxer.hikari.pool.HikariPool - HikariPool-1 - Added connection org.postgresql.jdbc.PgConnection@1982ec32
2026-07-30 09:56:54.449 [restartedMain] INFO  com.zaxxer.hikari.HikariDataSource - HikariPool-1 - Start completed.
2026-07-30 09:56:56.336 [restartedMain] INFO  com.example.test.TestApplication - Started TestApplication in 4.215 seconds (process running for 4.796)
2026-07-30 09:57:05.180 [http-nio-8080-exec-1] INFO  c.e.test.controllers.AuthController - Attempting login for user: nhanvien01
2026-07-30 09:57:13.791 [http-nio-8080-exec-3] INFO  c.e.test.controllers.AuthController - Attempting login for user: nhanvien02
2026-07-30 09:57:19.594 [http-nio-8080-exec-9] INFO  c.e.test.controllers.AuthController - Attempting login for user: nhanvien03
2026-07-30 09:57:36.848 [http-nio-8080-exec-8] INFO  c.e.test.controllers.AuthController - Attempting login for user: nhanvien01
2026-07-30 09:57:42.425 [http-nio-8080-exec-10] INFO  c.e.test.controllers.AuthController - Attempting login for user: nhanvien02
2026-07-30 09:57:59.791 [http-nio-8080-exec-1] INFO  c.e.t.m.s.impl.AuthServiceImpl - Blocking user record with ID: 12
2026-07-30 09:58:04.773 [http-nio-8080-exec-4] INFO  c.e.test.controllers.AuthController - Attempting login for user: nhanvien02
2026-07-30 09:58:19.838 [http-nio-8080-exec-3] INFO  c.e.test.controllers.AuthController - Attempting login for user: nhanvien03
2026-07-30 09:58:24.892 [http-nio-8080-exec-5] INFO  c.e.test.controllers.RoleController - Fetching list of all roles
2026-07-30 09:59:12.870 [http-nio-8080-exec-9] INFO  c.e.test.controllers.RoleController - Fetching list of all roles
2026-07-30 09:59:13.491 [Thread-1] INFO  com.zaxxer.hikari.HikariDataSource - HikariPool-1 - Shutdown initiated...
2026-07-30 09:59:13.513 [Thread-1] INFO  com.zaxxer.hikari.HikariDataSource - HikariPool-1 - Shutdown completed.
2026-07-30 09:59:13.683 [restartedMain] INFO  com.example.test.TestApplication - Starting TestApplication using Java 21.0.11 with PID 15108 (C:\Users\ADMIN88\jvabackend\test\build\classes\java\main started by ADMIN88 in C:\Users\ADMIN88\jvabackend\test)
2026-07-30 09:59:13.684 [restartedMain] INFO  com.example.test.TestApplication - No active profile set, falling back to 1 default profile: "default"
2026-07-30 09:59:14.206 [restartedMain] INFO  com.zaxxer.hikari.HikariDataSource - HikariPool-2 - Starting...
2026-07-30 09:59:14.230 [restartedMain] INFO  com.zaxxer.hikari.pool.HikariPool - HikariPool-2 - Added connection org.postgresql.jdbc.PgConnection@68f8ce08
2026-07-30 09:59:14.230 [restartedMain] INFO  com.zaxxer.hikari.HikariDataSource - HikariPool-2 - Start completed.
2026-07-30 09:59:14.694 [restartedMain] INFO  com.example.test.TestApplication - Started TestApplication in 1.068 seconds (process running for 143.155)
2026-07-30 10:03:59.838 [Thread-5] INFO  com.zaxxer.hikari.HikariDataSource - HikariPool-2 - Shutdown initiated...
2026-07-30 10:03:59.840 [Thread-5] INFO  com.zaxxer.hikari.HikariDataSource - HikariPool-2 - Shutdown completed.
2026-07-30 10:03:59.939 [restartedMain] INFO  com.example.test.TestApplication - Starting TestApplication using Java 21.0.11 with PID 15108 (C:\Users\ADMIN88\jvabackend\test\build\classes\java\main started by ADMIN88 in C:\Users\ADMIN88\jvabackend\test)
2026-07-30 10:03:59.940 [restartedMain] INFO  com.example.test.TestApplication - No active profile set, falling back to 1 default profile: "default"
2026-07-30 10:04:00.288 [restartedMain] INFO  com.zaxxer.hikari.HikariDataSource - HikariPool-3 - Starting...
2026-07-30 10:04:00.312 [restartedMain] INFO  com.zaxxer.hikari.pool.HikariPool - HikariPool-3 - Added connection org.postgresql.jdbc.PgConnection@19c2c3fe
2026-07-30 10:04:00.312 [restartedMain] INFO  com.zaxxer.hikari.HikariDataSource - HikariPool-3 - Start completed.
2026-07-30 10:04:00.895 [restartedMain] INFO  com.example.test.TestApplication - Started TestApplication in 1.003 seconds (process running for 429.355)
2026-07-30 10:04:27.642 [http-nio-8080-exec-4] INFO  c.e.test.controllers.UserController - Updating user with ID: 1
2026-07-30 10:04:34.299 [http-nio-8080-exec-3] INFO  c.e.test.controllers.UserController - Updating user with ID: 12
2026-07-30 10:04:34.302 [http-nio-8080-exec-3] INFO  c.e.t.m.s.impl.UserServiceImpl - Updating user record with ID: 12
2026-07-30 10:04:55.160 [http-nio-8080-exec-6] INFO  c.e.test.controllers.UserController - Updating user with ID: 12
2026-07-30 10:04:55.162 [http-nio-8080-exec-6] INFO  c.e.t.m.s.impl.UserServiceImpl - Updating user record with ID: 12
2026-07-30 10:05:35.348 [Thread-9] INFO  com.zaxxer.hikari.HikariDataSource - HikariPool-3 - Shutdown initiated...
2026-07-30 10:05:35.351 [Thread-9] INFO  com.zaxxer.hikari.HikariDataSource - HikariPool-3 - Shutdown completed.
2026-07-30 10:05:35.459 [restartedMain] INFO  com.example.test.TestApplication - Starting TestApplication using Java 21.0.11 with PID 15108 (C:\Users\ADMIN88\jvabackend\test\build\classes\java\main started by ADMIN88 in C:\Users\ADMIN88\jvabackend\test)
2026-07-30 10:05:35.459 [restartedMain] INFO  com.example.test.TestApplication - No active profile set, falling back to 1 default profile: "default"
2026-07-30 10:05:36.237 [restartedMain] INFO  com.zaxxer.hikari.HikariDataSource - HikariPool-4 - Starting...
2026-07-30 10:05:36.273 [restartedMain] INFO  com.zaxxer.hikari.pool.HikariPool - HikariPool-4 - Added connection org.postgresql.jdbc.PgConnection@6d12cabf
2026-07-30 10:05:36.273 [restartedMain] INFO  com.zaxxer.hikari.HikariDataSource - HikariPool-4 - Start completed.
2026-07-30 10:05:36.619 [restartedMain] INFO  com.zaxxer.hikari.HikariDataSource - HikariPool-4 - Shutdown initiated...
2026-07-30 10:05:36.721 [restartedMain] INFO  com.zaxxer.hikari.HikariDataSource - HikariPool-4 - Shutdown completed.
2026-07-30 10:05:38.279 [restartedMain] INFO  com.example.test.TestApplication - Starting TestApplication using Java 21.0.11 with PID 15108 (C:\Users\ADMIN88\jvabackend\test\build\classes\java\main started by ADMIN88 in C:\Users\ADMIN88\jvabackend\test)
2026-07-30 10:05:38.280 [restartedMain] INFO  com.example.test.TestApplication - No active profile set, falling back to 1 default profile: "default"
2026-07-30 10:05:38.598 [restartedMain] INFO  com.zaxxer.hikari.HikariDataSource - HikariPool-5 - Starting...
2026-07-30 10:05:38.624 [restartedMain] INFO  com.zaxxer.hikari.pool.HikariPool - HikariPool-5 - Added connection org.postgresql.jdbc.PgConnection@32233836
2026-07-30 10:05:38.624 [restartedMain] INFO  com.zaxxer.hikari.HikariDataSource - HikariPool-5 - Start completed.
2026-07-30 10:05:39.094 [restartedMain] INFO  com.example.test.TestApplication - Started TestApplication in 0.853 seconds (process running for 527.553)
2026-07-30 10:05:41.101 [http-nio-8080-exec-2] INFO  c.e.test.controllers.UserController - Updating user with ID: 12
2026-07-30 10:05:41.107 [http-nio-8080-exec-2] INFO  c.e.t.m.s.impl.UserServiceImpl - Updating user record with ID: 12
2026-07-30 10:06:09.218 [http-nio-8080-exec-3] INFO  c.e.test.controllers.UserController - Updating user with ID: 12
2026-07-30 10:06:09.221 [http-nio-8080-exec-3] INFO  c.e.t.m.s.impl.UserServiceImpl - Updating user record with ID: 12
2026-07-30 10:07:23.774 [http-nio-8080-exec-5] INFO  c.e.test.controllers.UserController - Updating user with ID: 13
2026-07-30 10:07:23.778 [http-nio-8080-exec-5] INFO  c.e.t.m.s.impl.UserServiceImpl - Updating user record with ID: 13
2026-07-30 10:09:39.848 [Thread-13] INFO  com.zaxxer.hikari.HikariDataSource - HikariPool-5 - Shutdown initiated...
2026-07-30 10:09:39.852 [Thread-13] INFO  com.zaxxer.hikari.HikariDataSource - HikariPool-5 - Shutdown completed.
2026-07-30 10:09:39.950 [restartedMain] INFO  com.example.test.TestApplication - Starting TestApplication using Java 21.0.11 with PID 15108 (C:\Users\ADMIN88\jvabackend\test\build\classes\java\main started by ADMIN88 in C:\Users\ADMIN88\jvabackend\test)
2026-07-30 10:09:39.951 [restartedMain] INFO  com.example.test.TestApplication - No active profile set, falling back to 1 default profile: "default"
2026-07-30 10:09:40.462 [restartedMain] INFO  com.zaxxer.hikari.HikariDataSource - HikariPool-6 - Starting...
2026-07-30 10:09:40.489 [restartedMain] INFO  com.zaxxer.hikari.pool.HikariPool - HikariPool-6 - Added connection org.postgresql.jdbc.PgConnection@5de6cbef
2026-07-30 10:09:40.489 [restartedMain] INFO  com.zaxxer.hikari.HikariDataSource - HikariPool-6 - Start completed.
2026-07-30 10:09:40.729 [restartedMain] INFO  com.zaxxer.hikari.HikariDataSource - HikariPool-6 - Shutdown initiated...
2026-07-30 10:09:40.781 [restartedMain] INFO  com.zaxxer.hikari.HikariDataSource - HikariPool-6 - Shutdown completed.
2026-07-30 10:09:42.259 [restartedMain] INFO  com.example.test.TestApplication - Starting TestApplication using Java 21.0.11 with PID 15108 (C:\Users\ADMIN88\jvabackend\test\build\classes\java\main started by ADMIN88 in C:\Users\ADMIN88\jvabackend\test)
2026-07-30 10:09:42.259 [restartedMain] INFO  com.example.test.TestApplication - No active profile set, falling back to 1 default profile: "default"
2026-07-30 10:09:42.513 [restartedMain] INFO  com.zaxxer.hikari.HikariDataSource - HikariPool-7 - Starting...
2026-07-30 10:09:42.538 [restartedMain] INFO  com.zaxxer.hikari.pool.HikariPool - HikariPool-7 - Added connection org.postgresql.jdbc.PgConnection@6da5c0f2
2026-07-30 10:09:42.538 [restartedMain] INFO  com.zaxxer.hikari.HikariDataSource - HikariPool-7 - Start completed.
2026-07-30 10:09:43.254 [restartedMain] INFO  com.example.test.TestApplication - Started TestApplication in 1.013 seconds (process running for 771.713)
2026-07-30 10:13:03.906 [http-nio-8080-exec-4] INFO  c.e.test.controllers.RoleController - Fetching list of all roles
2026-07-30 10:16:59.757 [Thread-20] INFO  com.zaxxer.hikari.HikariDataSource - HikariPool-7 - Shutdown initiated...
2026-07-30 10:16:59.763 [Thread-20] INFO  com.zaxxer.hikari.HikariDataSource - HikariPool-7 - Shutdown completed.
2026-07-30 10:16:59.910 [restartedMain] INFO  com.example.test.TestApplication - Starting TestApplication using Java 21.0.11 with PID 15108 (C:\Users\ADMIN88\jvabackend\test\build\classes\java\main started by ADMIN88 in C:\Users\ADMIN88\jvabackend\test)
2026-07-30 10:16:59.910 [restartedMain] INFO  com.example.test.TestApplication - No active profile set, falling back to 1 default profile: "default"
2026-07-30 10:17:00.456 [restartedMain] INFO  com.zaxxer.hikari.HikariDataSource - HikariPool-8 - Starting...
2026-07-30 10:17:00.480 [restartedMain] INFO  com.zaxxer.hikari.pool.HikariPool - HikariPool-8 - Added connection org.postgresql.jdbc.PgConnection@16c22976
2026-07-30 10:17:00.480 [restartedMain] INFO  com.zaxxer.hikari.HikariDataSource - HikariPool-8 - Start completed.
2026-07-30 10:17:00.942 [restartedMain] INFO  com.example.test.TestApplication - Started TestApplication in 1.112 seconds (process running for 1209.402)
2026-07-30 10:18:05.304 [http-nio-8080-exec-3] INFO  c.e.t.c.PermissionController - Fetching list of all permissions
2026-07-30 10:21:36.656 [Thread-27] INFO  com.zaxxer.hikari.HikariDataSource - HikariPool-8 - Shutdown initiated...
2026-07-30 10:21:36.660 [Thread-27] INFO  com.zaxxer.hikari.HikariDataSource - HikariPool-8 - Shutdown completed.
2026-07-30 10:21:36.867 [restartedMain] INFO  com.example.test.TestApplication - Starting TestApplication using Java 21.0.11 with PID 15108 (C:\Users\ADMIN88\jvabackend\test\build\classes\java\main started by ADMIN88 in C:\Users\ADMIN88\jvabackend\test)
2026-07-30 10:21:36.873 [restartedMain] INFO  com.example.test.TestApplication - No active profile set, falling back to 1 default profile: "default"
2026-07-30 10:21:37.296 [restartedMain] INFO  com.zaxxer.hikari.HikariDataSource - HikariPool-9 - Starting...
2026-07-30 10:21:37.322 [restartedMain] INFO  com.zaxxer.hikari.pool.HikariPool - HikariPool-9 - Added connection org.postgresql.jdbc.PgConnection@2b57e436
2026-07-30 10:21:37.323 [restartedMain] INFO  com.zaxxer.hikari.HikariDataSource - HikariPool-9 - Start completed.
2026-07-30 10:21:37.872 [restartedMain] INFO  com.example.test.TestApplication - Started TestApplication in 1.092 seconds (process running for 1486.331)
2026-07-30 10:21:47.564 [http-nio-8080-exec-2] INFO  c.e.t.c.PermissionController - Received request to add new permission: PermissionReq(name=delete)
2026-07-30 10:21:47.582 [http-nio-8080-exec-2] INFO  c.e.t.m.s.impl.PermissionServiceImpl - Creating new permission entity to database for permission name: ROLE_DELETE
2026-07-30 10:23:27.065 [http-nio-8080-exec-5] INFO  c.e.t.c.PermissionController - Received request to add new permission: PermissionReq(name=delete)
2026-07-30 10:30:00.192 [http-nio-8080-exec-7] INFO  c.e.t.c.PermissionController - Fetching list of all permissions
2026-07-30 10:33:51.604 [http-nio-8080-exec-10] INFO  c.e.t.c.PermissionController - Fetching list of all permissions
2026-07-30 10:33:51.720 [Thread-31] INFO  com.zaxxer.hikari.HikariDataSource - HikariPool-9 - Shutdown initiated...
2026-07-30 10:33:51.722 [Thread-31] INFO  com.zaxxer.hikari.HikariDataSource - HikariPool-9 - Shutdown completed.
2026-07-30 10:33:51.832 [restartedMain] INFO  com.example.test.TestApplication - Starting TestApplication using Java 21.0.11 with PID 15108 (C:\Users\ADMIN88\jvabackend\test\build\classes\java\main started by ADMIN88 in C:\Users\ADMIN88\jvabackend\test)
2026-07-30 10:33:51.833 [restartedMain] INFO  com.example.test.TestApplication - No active profile set, falling back to 1 default profile: "default"
2026-07-30 10:33:52.529 [restartedMain] INFO  com.zaxxer.hikari.HikariDataSource - HikariPool-10 - Starting...
2026-07-30 10:33:52.670 [restartedMain] INFO  com.zaxxer.hikari.pool.HikariPool - HikariPool-10 - Added connection org.postgresql.jdbc.PgConnection@6afe5da2
2026-07-30 10:33:52.670 [restartedMain] INFO  com.zaxxer.hikari.HikariDataSource - HikariPool-10 - Start completed.
2026-07-30 10:33:52.829 [restartedMain] INFO  com.zaxxer.hikari.HikariDataSource - HikariPool-10 - Shutdown initiated...
2026-07-30 10:33:52.834 [restartedMain] INFO  com.zaxxer.hikari.HikariDataSource - HikariPool-10 - Shutdown completed.
2026-07-30 10:33:54.339 [restartedMain] INFO  com.example.test.TestApplication - Starting TestApplication using Java 21.0.11 with PID 15108 (C:\Users\ADMIN88\jvabackend\test\build\classes\java\main started by ADMIN88 in C:\Users\ADMIN88\jvabackend\test)
2026-07-30 10:33:54.339 [restartedMain] INFO  com.example.test.TestApplication - No active profile set, falling back to 1 default profile: "default"
2026-07-30 10:33:54.620 [restartedMain] INFO  com.zaxxer.hikari.HikariDataSource - HikariPool-11 - Starting...
2026-07-30 10:33:54.647 [restartedMain] INFO  com.zaxxer.hikari.pool.HikariPool - HikariPool-11 - Added connection org.postgresql.jdbc.PgConnection@8f73983
2026-07-30 10:33:54.648 [restartedMain] INFO  com.zaxxer.hikari.HikariDataSource - HikariPool-11 - Start completed.
2026-07-30 10:33:55.357 [restartedMain] INFO  com.example.test.TestApplication - Started TestApplication in 1.039 seconds (process running for 2223.817)
2026-07-30 10:33:56.066 [http-nio-8080-exec-3] INFO  c.e.t.c.PermissionController - Fetching list of all permissions
2026-07-30 10:34:22.102 [http-nio-8080-exec-2] INFO  c.e.t.c.PermissionController - Fetching list of all permissions
2026-07-30 10:34:26.290 [http-nio-8080-exec-4] INFO  c.e.t.c.PermissionController - Received request to add new permission: PermissionReq(name=create)
2026-07-30 10:34:26.292 [http-nio-8080-exec-4] INFO  c.e.t.m.s.impl.PermissionServiceImpl - Creating new permission entity to database for permission name: ROLE_CREATE
2026-07-30 10:35:21.540 [http-nio-8080-exec-5] INFO  c.e.t.c.DepartmentController - Received request to add new department: DepartmentReq(code=IT, departmentName=Phòng Công Nghệ Thông Tin, description=Quản lý hệ thống hạ tầng và phát triển phần mềm)
2026-07-30 10:36:21.112 [http-nio-8080-exec-7] INFO  c.e.test.controllers.RoleController - Fetching list of all roles
2026-07-30 10:36:40.861 [http-nio-8080-exec-8] INFO  c.e.test.controllers.RoleController - Fetching list of all roles
2026-07-30 10:36:47.839 [http-nio-8080-exec-9] INFO  c.e.test.controllers.RoleController - Received request to add new role: RoleReq(roleName=manager, permissions=[1])
2026-07-30 10:36:47.844 [http-nio-8080-exec-9] INFO  c.e.t.m.s.impl.RoleServiceImpl - Creating new role entity to database for role name: MANAGER
2026-07-30 10:40:33.171 [http-nio-8080-exec-4] INFO  c.e.test.controllers.AuthController - Attempting login for user: nhanvien03
2026-07-30 10:41:49.618 [http-nio-8080-exec-5] INFO  c.e.test.controllers.AuthController - Attempting login for user: nhanvien01
2026-07-30 10:41:54.739 [http-nio-8080-exec-7] INFO  c.e.test.controllers.AuthController - Attempting login for user: nhanvien02
2026-07-30 10:42:38.717 [Thread-35] INFO  com.zaxxer.hikari.HikariDataSource - HikariPool-11 - Shutdown initiated...
2026-07-30 10:42:38.728 [Thread-35] INFO  com.zaxxer.hikari.HikariDataSource - HikariPool-11 - Shutdown completed.
2026-07-30 10:42:38.870 [restartedMain] INFO  com.example.test.TestApplication - Starting TestApplication using Java 21.0.11 with PID 15108 (C:\Users\ADMIN88\jvabackend\test\build\classes\java\main started by ADMIN88 in C:\Users\ADMIN88\jvabackend\test)
2026-07-30 10:42:38.871 [restartedMain] INFO  com.example.test.TestApplication - No active profile set, falling back to 1 default profile: "default"
2026-07-30 10:42:39.724 [restartedMain] INFO  com.zaxxer.hikari.HikariDataSource - HikariPool-12 - Starting...
2026-07-30 10:42:39.859 [restartedMain] INFO  com.zaxxer.hikari.pool.HikariPool - HikariPool-12 - Added connection org.postgresql.jdbc.PgConnection@5595caf2
2026-07-30 10:42:39.860 [restartedMain] INFO  com.zaxxer.hikari.HikariDataSource - HikariPool-12 - Start completed.
2026-07-30 10:42:40.447 [restartedMain] INFO  com.example.test.TestApplication - Started TestApplication in 1.638 seconds (process running for 2748.907)
2026-07-30 10:42:41.619 [http-nio-8080-exec-2] INFO  c.e.test.controllers.AuthController - Attempting login for user: nhanvien02
2026-07-30 10:42:48.712 [http-nio-8080-exec-4] INFO  c.e.test.controllers.AuthController - Attempting login for user: nhanvien03
2026-07-30 10:42:57.990 [http-nio-8080-exec-3] INFO  c.e.test.controllers.UserController - Fetching all users
2026-07-30 10:45:06.158 [http-nio-8080-exec-7] INFO  c.e.test.controllers.UserController - Fetching all users
2026-07-30 10:49:56.640 [Thread-42] INFO  com.zaxxer.hikari.HikariDataSource - HikariPool-12 - Shutdown initiated...
2026-07-30 10:49:56.642 [Thread-42] INFO  com.zaxxer.hikari.HikariDataSource - HikariPool-12 - Shutdown completed.
2026-07-30 10:49:56.714 [restartedMain] INFO  com.example.test.TestApplication - Starting TestApplication using Java 21.0.11 with PID 15108 (C:\Users\ADMIN88\jvabackend\test\build\classes\java\main started by ADMIN88 in C:\Users\ADMIN88\jvabackend\test)
2026-07-30 10:49:56.715 [restartedMain] INFO  com.example.test.TestApplication - No active profile set, falling back to 1 default profile: "default"
2026-07-30 10:49:56.971 [restartedMain] INFO  com.zaxxer.hikari.HikariDataSource - HikariPool-13 - Starting...
2026-07-30 10:49:56.997 [restartedMain] INFO  com.zaxxer.hikari.pool.HikariPool - HikariPool-13 - Added connection org.postgresql.jdbc.PgConnection@5439d5ac
2026-07-30 10:49:56.997 [restartedMain] INFO  com.zaxxer.hikari.HikariDataSource - HikariPool-13 - Start completed.
2026-07-30 10:49:57.642 [restartedMain] INFO  com.example.test.TestApplication - Started TestApplication in 0.948 seconds (process running for 3186.101)
2026-07-30 10:49:58.224 [http-nio-8080-exec-3] INFO  c.e.test.controllers.UserController - Fetching all users
2026-07-30 10:50:54.378 [http-nio-8080-exec-4] INFO  c.e.test.controllers.UserController - Fetching all users
2026-07-30 11:00:08.839 [Thread-46] INFO  com.zaxxer.hikari.HikariDataSource - HikariPool-13 - Shutdown initiated...
2026-07-30 11:00:08.844 [Thread-46] INFO  com.zaxxer.hikari.HikariDataSource - HikariPool-13 - Shutdown completed.
2026-07-30 11:00:08.957 [restartedMain] INFO  com.example.test.TestApplication - Starting TestApplication using Java 21.0.11 with PID 15108 (C:\Users\ADMIN88\jvabackend\test\build\classes\java\main started by ADMIN88 in C:\Users\ADMIN88\jvabackend\test)
2026-07-30 11:00:08.958 [restartedMain] INFO  com.example.test.TestApplication - No active profile set, falling back to 1 default profile: "default"
2026-07-30 11:00:09.548 [restartedMain] INFO  com.zaxxer.hikari.HikariDataSource - HikariPool-14 - Starting...
2026-07-30 11:00:09.588 [restartedMain] INFO  com.zaxxer.hikari.pool.HikariPool - HikariPool-14 - Added connection org.postgresql.jdbc.PgConnection@1b39054f
2026-07-30 11:00:09.589 [restartedMain] INFO  com.zaxxer.hikari.HikariDataSource - HikariPool-14 - Start completed.
2026-07-30 11:00:10.247 [restartedMain] INFO  com.example.test.TestApplication - Started TestApplication in 1.325 seconds (process running for 3798.707)
2026-07-30 11:00:11.677 [Thread-50] INFO  com.zaxxer.hikari.HikariDataSource - HikariPool-14 - Shutdown initiated...
2026-07-30 11:00:11.679 [Thread-50] INFO  com.zaxxer.hikari.HikariDataSource - HikariPool-14 - Shutdown completed.
2026-07-30 11:00:11.752 [restartedMain] INFO  com.example.test.TestApplication - Starting TestApplication using Java 21.0.11 with PID 15108 (C:\Users\ADMIN88\jvabackend\test\build\classes\java\main started by ADMIN88 in C:\Users\ADMIN88\jvabackend\test)
2026-07-30 11:00:11.753 [restartedMain] INFO  com.example.test.TestApplication - No active profile set, falling back to 1 default profile: "default"
2026-07-30 11:00:12.093 [restartedMain] INFO  com.zaxxer.hikari.HikariDataSource - HikariPool-15 - Starting...
2026-07-30 11:00:12.123 [restartedMain] INFO  com.zaxxer.hikari.pool.HikariPool - HikariPool-15 - Added connection org.postgresql.jdbc.PgConnection@69793f43
2026-07-30 11:00:12.123 [restartedMain] INFO  com.zaxxer.hikari.HikariDataSource - HikariPool-15 - Start completed.
2026-07-30 11:00:12.667 [restartedMain] INFO  com.example.test.TestApplication - Started TestApplication in 0.935 seconds (process running for 3801.127)
2026-07-30 11:18:24.294 [Thread-54] INFO  com.zaxxer.hikari.HikariDataSource - HikariPool-15 - Shutdown initiated...
2026-07-30 11:18:24.298 [Thread-54] INFO  com.zaxxer.hikari.HikariDataSource - HikariPool-15 - Shutdown completed.
2026-07-30 11:18:24.429 [restartedMain] INFO  com.example.test.TestApplication - Starting TestApplication using Java 21.0.11 with PID 15108 (C:\Users\ADMIN88\jvabackend\test\build\classes\java\main started by ADMIN88 in C:\Users\ADMIN88\jvabackend\test)
2026-07-30 11:18:24.429 [restartedMain] INFO  com.example.test.TestApplication - No active profile set, falling back to 1 default profile: "default"
2026-07-30 11:18:25.120 [restartedMain] INFO  com.zaxxer.hikari.HikariDataSource - HikariPool-16 - Starting...
2026-07-30 11:18:25.158 [restartedMain] INFO  com.zaxxer.hikari.pool.HikariPool - HikariPool-16 - Added connection org.postgresql.jdbc.PgConnection@7d4e4589
2026-07-30 11:18:25.158 [restartedMain] INFO  com.zaxxer.hikari.HikariDataSource - HikariPool-16 - Start completed.
2026-07-30 11:18:25.716 [restartedMain] INFO  com.example.test.TestApplication - Started TestApplication in 1.334 seconds (process running for 4894.175)
2026-07-30 11:20:17.721 [Thread-58] INFO  com.zaxxer.hikari.HikariDataSource - HikariPool-16 - Shutdown initiated...
2026-07-30 11:20:17.724 [Thread-58] INFO  com.zaxxer.hikari.HikariDataSource - HikariPool-16 - Shutdown completed.
2026-07-30 11:20:17.819 [restartedMain] INFO  com.example.test.TestApplication - Starting TestApplication using Java 21.0.11 with PID 15108 (C:\Users\ADMIN88\jvabackend\test\build\classes\java\main started by ADMIN88 in C:\Users\ADMIN88\jvabackend\test)
2026-07-30 11:20:17.819 [restartedMain] INFO  com.example.test.TestApplication - No active profile set, falling back to 1 default profile: "default"
2026-07-30 11:20:18.164 [restartedMain] INFO  com.zaxxer.hikari.HikariDataSource - HikariPool-17 - Starting...
2026-07-30 11:20:18.192 [restartedMain] INFO  com.zaxxer.hikari.pool.HikariPool - HikariPool-17 - Added connection org.postgresql.jdbc.PgConnection@10c5f65e
2026-07-30 11:20:18.192 [restartedMain] INFO  com.zaxxer.hikari.HikariDataSource - HikariPool-17 - Start completed.
2026-07-30 11:20:18.995 [restartedMain] INFO  com.example.test.TestApplication - Started TestApplication in 1.197 seconds (process running for 5007.455)
2026-07-30 11:20:27.478 [http-nio-8080-exec-2] INFO  c.e.t.m.s.impl.AuthServiceImpl - Blocking user record with ID: 12
2026-07-30 11:20:35.157 [http-nio-8080-exec-5] INFO  c.e.t.m.s.impl.AuthServiceImpl - Blocking user record with ID: 12
2026-07-30 11:20:43.452 [http-nio-8080-exec-4] INFO  c.e.test.controllers.AuthController - Attempting login for user: nhanvien02
2026-07-30 11:21:14.823 [Thread-62] INFO  com.zaxxer.hikari.HikariDataSource - HikariPool-17 - Shutdown initiated...
2026-07-30 11:21:14.824 [Thread-62] INFO  com.zaxxer.hikari.HikariDataSource - HikariPool-17 - Shutdown completed.
2026-07-30 11:21:14.913 [restartedMain] INFO  com.example.test.TestApplication - Starting TestApplication using Java 21.0.11 with PID 15108 (C:\Users\ADMIN88\jvabackend\test\build\classes\java\main started by ADMIN88 in C:\Users\ADMIN88\jvabackend\test)
2026-07-30 11:21:14.914 [restartedMain] INFO  com.example.test.TestApplication - No active profile set, falling back to 1 default profile: "default"
2026-07-30 11:21:15.352 [restartedMain] INFO  com.zaxxer.hikari.HikariDataSource - HikariPool-18 - Starting...
2026-07-30 11:21:15.453 [restartedMain] INFO  com.zaxxer.hikari.pool.HikariPool - HikariPool-18 - Added connection org.postgresql.jdbc.PgConnection@3024af5d
2026-07-30 11:21:15.453 [restartedMain] INFO  com.zaxxer.hikari.HikariDataSource - HikariPool-18 - Start completed.
2026-07-30 11:21:16.121 [restartedMain] INFO  com.example.test.TestApplication - Started TestApplication in 1.234 seconds (process running for 5064.581)
2026-07-30 11:21:18.606 [Thread-66] INFO  com.zaxxer.hikari.HikariDataSource - HikariPool-18 - Shutdown initiated...
2026-07-30 11:21:18.608 [Thread-66] INFO  com.zaxxer.hikari.HikariDataSource - HikariPool-18 - Shutdown completed.
2026-07-30 11:21:18.702 [restartedMain] INFO  com.example.test.TestApplication - Starting TestApplication using Java 21.0.11 with PID 15108 (C:\Users\ADMIN88\jvabackend\test\build\classes\java\main started by ADMIN88 in C:\Users\ADMIN88\jvabackend\test)
2026-07-30 11:21:18.702 [restartedMain] INFO  com.example.test.TestApplication - No active profile set, falling back to 1 default profile: "default"
2026-07-30 11:21:19.118 [restartedMain] INFO  com.zaxxer.hikari.HikariDataSource - HikariPool-19 - Starting...
2026-07-30 11:21:19.147 [restartedMain] INFO  com.zaxxer.hikari.pool.HikariPool - HikariPool-19 - Added connection org.postgresql.jdbc.PgConnection@3a6eb780
2026-07-30 11:21:19.147 [restartedMain] INFO  com.zaxxer.hikari.HikariDataSource - HikariPool-19 - Start completed.
2026-07-30 11:21:19.823 [restartedMain] INFO  com.example.test.TestApplication - Started TestApplication in 1.149 seconds (process running for 5068.283)
2026-07-30 11:21:34.803 [http-nio-8080-exec-5] INFO  c.e.test.controllers.AuthController - Attempting login for user: nhanvien02
2026-07-30 11:22:15.422 [http-nio-8080-exec-4] INFO  c.e.test.controllers.AuthController - Attempting login for user: nhanvien02
2026-07-30 11:22:16.354 [http-nio-8080-exec-6] INFO  c.e.test.controllers.AuthController - Attempting login for user: nhanvien02
2026-07-30 11:22:18.832 [http-nio-8080-exec-9] INFO  c.e.test.controllers.AuthController - Attempting login for user: nhanvien0
2026-07-30 11:22:23.486 [http-nio-8080-exec-10] INFO  c.e.test.controllers.AuthController - Attempting login for user: nhanvien0
2026-07-30 11:22:27.125 [http-nio-8080-exec-5] INFO  c.e.test.controllers.AuthController - Attempting login for user: nhanvien01
2026-07-30 11:22:34.575 [http-nio-8080-exec-4] INFO  c.e.test.controllers.AuthController - Attempting login for user: nhanvien02
2026-07-30 11:22:41.130 [http-nio-8080-exec-6] INFO  c.e.test.controllers.AuthController - Attempting login for user: nhanvien03
2026-07-30 11:22:49.239 [http-nio-8080-exec-8] INFO  c.e.test.controllers.AuthController - Attempting login for user: nhanvien03
2026-07-30 11:22:53.165 [http-nio-8080-exec-9] INFO  c.e.test.controllers.AuthController - Attempting login for user: nhanvien
2026-07-30 11:24:11.156 [Thread-70] INFO  com.zaxxer.hikari.HikariDataSource - HikariPool-19 - Shutdown initiated...
2026-07-30 11:24:11.158 [Thread-70] INFO  com.zaxxer.hikari.HikariDataSource - HikariPool-19 - Shutdown completed.
2026-07-30 11:24:11.234 [restartedMain] INFO  com.example.test.TestApplication - Starting TestApplication using Java 21.0.11 with PID 15108 (C:\Users\ADMIN88\jvabackend\test\build\classes\java\main started by ADMIN88 in C:\Users\ADMIN88\jvabackend\test)
2026-07-30 11:24:11.234 [restartedMain] INFO  com.example.test.TestApplication - No active profile set, falling back to 1 default profile: "default"
2026-07-30 11:24:11.765 [restartedMain] INFO  com.zaxxer.hikari.HikariDataSource - HikariPool-20 - Starting...
2026-07-30 11:24:11.837 [restartedMain] INFO  com.zaxxer.hikari.pool.HikariPool - HikariPool-20 - Added connection org.postgresql.jdbc.PgConnection@78bd03f0
2026-07-30 11:24:11.838 [restartedMain] INFO  com.zaxxer.hikari.HikariDataSource - HikariPool-20 - Start completed.
2026-07-30 11:24:13.002 [restartedMain] INFO  com.example.test.TestApplication - Started TestApplication in 1.788 seconds (process running for 5241.462)
2026-07-30 11:24:13.400 [http-nio-8080-exec-8] INFO  c.e.test.controllers.AuthController - Attempting login for user: nhanvien
2026-07-30 11:24:14.718 [http-nio-8080-exec-5] INFO  c.e.test.controllers.AuthController - Attempting login for user: nhanvien
2026-07-30 11:25:06.114 [Thread-74] INFO  com.zaxxer.hikari.HikariDataSource - HikariPool-20 - Shutdown initiated...
2026-07-30 11:25:06.115 [Thread-74] INFO  com.zaxxer.hikari.HikariDataSource - HikariPool-20 - Shutdown completed.
2026-07-30 11:25:06.182 [restartedMain] INFO  com.example.test.TestApplication - Starting TestApplication using Java 21.0.11 with PID 15108 (C:\Users\ADMIN88\jvabackend\test\build\classes\java\main started by ADMIN88 in C:\Users\ADMIN88\jvabackend\test)
2026-07-30 11:25:06.182 [restartedMain] INFO  com.example.test.TestApplication - No active profile set, falling back to 1 default profile: "default"
2026-07-30 11:25:06.428 [restartedMain] INFO  com.zaxxer.hikari.HikariDataSource - HikariPool-21 - Starting...
2026-07-30 11:25:06.453 [restartedMain] INFO  com.zaxxer.hikari.pool.HikariPool - HikariPool-21 - Added connection org.postgresql.jdbc.PgConnection@5f6bbd24
2026-07-30 11:25:06.453 [restartedMain] INFO  com.zaxxer.hikari.HikariDataSource - HikariPool-21 - Start completed.
2026-07-30 11:25:06.947 [restartedMain] INFO  com.example.test.TestApplication - Started TestApplication in 0.778 seconds (process running for 5295.406)
2026-07-30 11:27:37.816 [Thread-78] INFO  com.zaxxer.hikari.HikariDataSource - HikariPool-21 - Shutdown initiated...
2026-07-30 11:27:37.827 [Thread-78] INFO  com.zaxxer.hikari.HikariDataSource - HikariPool-21 - Shutdown completed.
2026-07-30 11:27:38.172 [restartedMain] INFO  com.example.test.TestApplication - Starting TestApplication using Java 21.0.11 with PID 15108 (C:\Users\ADMIN88\jvabackend\test\build\classes\java\main started by ADMIN88 in C:\Users\ADMIN88\jvabackend\test)
2026-07-30 11:27:38.172 [restartedMain] INFO  com.example.test.TestApplication - No active profile set, falling back to 1 default profile: "default"
2026-07-30 11:27:39.074 [restartedMain] INFO  com.zaxxer.hikari.HikariDataSource - HikariPool-22 - Starting...
2026-07-30 11:27:39.106 [restartedMain] INFO  com.zaxxer.hikari.pool.HikariPool - HikariPool-22 - Added connection org.postgresql.jdbc.PgConnection@41bba96b
2026-07-30 11:27:39.106 [restartedMain] INFO  com.zaxxer.hikari.HikariDataSource - HikariPool-22 - Start completed.
2026-07-30 11:27:39.951 [restartedMain] INFO  com.example.test.TestApplication - Started TestApplication in 1.94 seconds (process running for 5448.411)
2026-07-30 11:30:04.720 [Thread-82] INFO  com.zaxxer.hikari.HikariDataSource - HikariPool-22 - Shutdown initiated...
2026-07-30 11:30:04.722 [Thread-82] INFO  com.zaxxer.hikari.HikariDataSource - HikariPool-22 - Shutdown completed.
2026-07-30 11:30:04.801 [restartedMain] INFO  com.example.test.TestApplication - Starting TestApplication using Java 21.0.11 with PID 15108 (C:\Users\ADMIN88\jvabackend\test\build\classes\java\main started by ADMIN88 in C:\Users\ADMIN88\jvabackend\test)
2026-07-30 11:30:04.801 [restartedMain] INFO  com.example.test.TestApplication - No active profile set, falling back to 1 default profile: "default"
2026-07-30 11:30:05.216 [restartedMain] INFO  com.zaxxer.hikari.HikariDataSource - HikariPool-23 - Starting...
2026-07-30 11:30:05.247 [restartedMain] INFO  com.zaxxer.hikari.pool.HikariPool - HikariPool-23 - Added connection org.postgresql.jdbc.PgConnection@1510ede3
2026-07-30 11:30:05.247 [restartedMain] INFO  com.zaxxer.hikari.HikariDataSource - HikariPool-23 - Start completed.
2026-07-30 11:30:05.937 [restartedMain] INFO  com.example.test.TestApplication - Started TestApplication in 1.152 seconds (process running for 5594.397)
2026-07-30 11:30:07.319 [Thread-86] INFO  com.zaxxer.hikari.HikariDataSource - HikariPool-23 - Shutdown initiated...
2026-07-30 11:30:07.321 [Thread-86] INFO  com.zaxxer.hikari.HikariDataSource - HikariPool-23 - Shutdown completed.
2026-07-30 11:30:07.401 [restartedMain] INFO  com.example.test.TestApplication - Starting TestApplication using Java 21.0.11 with PID 15108 (C:\Users\ADMIN88\jvabackend\test\build\classes\java\main started by ADMIN88 in C:\Users\ADMIN88\jvabackend\test)
2026-07-30 11:30:07.401 [restartedMain] INFO  com.example.test.TestApplication - No active profile set, falling back to 1 default profile: "default"
2026-07-30 11:30:07.717 [restartedMain] INFO  com.zaxxer.hikari.HikariDataSource - HikariPool-24 - Starting...
2026-07-30 11:30:07.742 [restartedMain] INFO  com.zaxxer.hikari.pool.HikariPool - HikariPool-24 - Added connection org.postgresql.jdbc.PgConnection@3e337b24
2026-07-30 11:30:07.743 [restartedMain] INFO  com.zaxxer.hikari.HikariDataSource - HikariPool-24 - Start completed.
2026-07-30 11:30:08.137 [restartedMain] INFO  com.example.test.TestApplication - Started TestApplication in 0.758 seconds (process running for 5596.597)
2026-07-30 11:33:33.117 [Thread-90] INFO  com.zaxxer.hikari.HikariDataSource - HikariPool-24 - Shutdown initiated...
2026-07-30 11:33:33.120 [Thread-90] INFO  com.zaxxer.hikari.HikariDataSource - HikariPool-24 - Shutdown completed.
2026-07-30 11:33:33.211 [restartedMain] INFO  com.example.test.TestApplication - Starting TestApplication using Java 21.0.11 with PID 15108 (C:\Users\ADMIN88\jvabackend\test\build\classes\java\main started by ADMIN88 in C:\Users\ADMIN88\jvabackend\test)
2026-07-30 11:33:33.212 [restartedMain] INFO  com.example.test.TestApplication - No active profile set, falling back to 1 default profile: "default"
2026-07-30 11:33:33.665 [restartedMain] INFO  com.zaxxer.hikari.HikariDataSource - HikariPool-25 - Starting...
2026-07-30 11:33:33.702 [restartedMain] INFO  com.zaxxer.hikari.pool.HikariPool - HikariPool-25 - Added connection org.postgresql.jdbc.PgConnection@32fd30d7
2026-07-30 11:33:33.703 [restartedMain] INFO  com.zaxxer.hikari.HikariDataSource - HikariPool-25 - Start completed.
2026-07-30 11:33:34.372 [restartedMain] INFO  com.example.test.TestApplication - Started TestApplication in 1.185 seconds (process running for 5802.832)
2026-07-30 11:33:35.788 [Thread-94] INFO  com.zaxxer.hikari.HikariDataSource - HikariPool-25 - Shutdown initiated...
2026-07-30 11:33:35.790 [Thread-94] INFO  com.zaxxer.hikari.HikariDataSource - HikariPool-25 - Shutdown completed.
2026-07-30 11:33:35.888 [restartedMain] INFO  com.example.test.TestApplication - Starting TestApplication using Java 21.0.11 with PID 15108 (C:\Users\ADMIN88\jvabackend\test\build\classes\java\main started by ADMIN88 in C:\Users\ADMIN88\jvabackend\test)
2026-07-30 11:33:35.888 [restartedMain] INFO  com.example.test.TestApplication - No active profile set, falling back to 1 default profile: "default"
2026-07-30 11:33:36.200 [restartedMain] INFO  com.zaxxer.hikari.HikariDataSource - HikariPool-26 - Starting...
2026-07-30 11:33:36.229 [restartedMain] INFO  com.zaxxer.hikari.pool.HikariPool - HikariPool-26 - Added connection org.postgresql.jdbc.PgConnection@51a4f8fa
2026-07-30 11:33:36.229 [restartedMain] INFO  com.zaxxer.hikari.HikariDataSource - HikariPool-26 - Start completed.
2026-07-30 11:33:36.772 [restartedMain] INFO  com.example.test.TestApplication - Started TestApplication in 0.915 seconds (process running for 5805.232)
2026-07-30 11:34:07.875 [Thread-98] INFO  com.zaxxer.hikari.HikariDataSource - HikariPool-26 - Shutdown initiated...
2026-07-30 11:34:07.878 [Thread-98] INFO  com.zaxxer.hikari.HikariDataSource - HikariPool-26 - Shutdown completed.
2026-07-30 11:34:07.961 [restartedMain] INFO  com.example.test.TestApplication - Starting TestApplication using Java 21.0.11 with PID 15108 (C:\Users\ADMIN88\jvabackend\test\build\classes\java\main started by ADMIN88 in C:\Users\ADMIN88\jvabackend\test)
2026-07-30 11:34:07.961 [restartedMain] INFO  com.example.test.TestApplication - No active profile set, falling back to 1 default profile: "default"
2026-07-30 11:34:08.347 [restartedMain] INFO  com.zaxxer.hikari.HikariDataSource - HikariPool-27 - Starting...
2026-07-30 11:34:08.377 [restartedMain] INFO  com.zaxxer.hikari.pool.HikariPool - HikariPool-27 - Added connection org.postgresql.jdbc.PgConnection@2cad326b
2026-07-30 11:34:08.377 [restartedMain] INFO  com.zaxxer.hikari.HikariDataSource - HikariPool-27 - Start completed.
2026-07-30 11:34:09.406 [restartedMain] INFO  com.example.test.TestApplication - Started TestApplication in 1.464 seconds (process running for 5837.866)
2026-07-30 11:34:10.836 [Thread-102] INFO  com.zaxxer.hikari.HikariDataSource - HikariPool-27 - Shutdown initiated...
2026-07-30 11:34:10.839 [Thread-102] INFO  com.zaxxer.hikari.HikariDataSource - HikariPool-27 - Shutdown completed.
2026-07-30 11:34:10.937 [restartedMain] INFO  com.example.test.TestApplication - Starting TestApplication using Java 21.0.11 with PID 15108 (C:\Users\ADMIN88\jvabackend\test\build\classes\java\main started by ADMIN88 in C:\Users\ADMIN88\jvabackend\test)
2026-07-30 11:34:10.937 [restartedMain] INFO  com.example.test.TestApplication - No active profile set, falling back to 1 default profile: "default"
2026-07-30 11:34:11.259 [restartedMain] INFO  com.zaxxer.hikari.HikariDataSource - HikariPool-28 - Starting...
2026-07-30 11:34:11.288 [restartedMain] INFO  com.zaxxer.hikari.pool.HikariPool - HikariPool-28 - Added connection org.postgresql.jdbc.PgConnection@bd1bc1
2026-07-30 11:34:11.288 [restartedMain] INFO  com.zaxxer.hikari.HikariDataSource - HikariPool-28 - Start completed.
2026-07-30 11:34:11.713 [restartedMain] INFO  com.example.test.TestApplication - Started TestApplication in 0.807 seconds (process running for 5840.173)
2026-07-30 11:36:12.255 [Thread-106] INFO  com.zaxxer.hikari.HikariDataSource - HikariPool-28 - Shutdown initiated...
2026-07-30 11:36:12.267 [Thread-106] INFO  com.zaxxer.hikari.HikariDataSource - HikariPool-28 - Shutdown completed.
2026-07-30 11:36:12.392 [restartedMain] INFO  com.example.test.TestApplication - Starting TestApplication using Java 21.0.11 with PID 15108 (C:\Users\ADMIN88\jvabackend\test\build\classes\java\main started by ADMIN88 in C:\Users\ADMIN88\jvabackend\test)
2026-07-30 11:36:12.392 [restartedMain] INFO  com.example.test.TestApplication - No active profile set, falling back to 1 default profile: "default"
2026-07-30 11:36:13.014 [restartedMain] INFO  com.zaxxer.hikari.HikariDataSource - HikariPool-29 - Starting...
2026-07-30 11:36:13.042 [restartedMain] INFO  com.zaxxer.hikari.pool.HikariPool - HikariPool-29 - Added connection org.postgresql.jdbc.PgConnection@750dd7dd
2026-07-30 11:36:13.043 [restartedMain] INFO  com.zaxxer.hikari.HikariDataSource - HikariPool-29 - Start completed.
2026-07-30 11:36:13.723 [restartedMain] INFO  com.example.test.TestApplication - Started TestApplication in 1.371 seconds (process running for 5962.182)
2026-07-30 11:43:00.947 [Thread-110] INFO  com.zaxxer.hikari.HikariDataSource - HikariPool-29 - Shutdown initiated...
2026-07-30 11:43:00.949 [Thread-110] INFO  com.zaxxer.hikari.HikariDataSource - HikariPool-29 - Shutdown completed.
2026-07-30 11:43:01.055 [restartedMain] INFO  com.example.test.TestApplication - Starting TestApplication using Java 21.0.11 with PID 15108 (C:\Users\ADMIN88\jvabackend\test\build\classes\java\main started by ADMIN88 in C:\Users\ADMIN88\jvabackend\test)
2026-07-30 11:43:01.055 [restartedMain] INFO  com.example.test.TestApplication - No active profile set, falling back to 1 default profile: "default"
2026-07-30 11:43:01.736 [restartedMain] INFO  com.zaxxer.hikari.HikariDataSource - HikariPool-30 - Starting...
2026-07-30 11:43:01.777 [restartedMain] INFO  com.zaxxer.hikari.pool.HikariPool - HikariPool-30 - Added connection org.postgresql.jdbc.PgConnection@2c661bc3
2026-07-30 11:43:01.777 [restartedMain] INFO  com.zaxxer.hikari.HikariDataSource - HikariPool-30 - Start completed.
2026-07-30 11:43:02.766 [restartedMain] INFO  com.example.test.TestApplication - Started TestApplication in 1.744 seconds (process running for 6371.226)
2026-07-30 11:46:18.754 [Thread-114] INFO  com.zaxxer.hikari.HikariDataSource - HikariPool-30 - Shutdown initiated...
2026-07-30 11:46:18.756 [Thread-114] INFO  com.zaxxer.hikari.HikariDataSource - HikariPool-30 - Shutdown completed.
2026-07-30 11:46:18.825 [restartedMain] INFO  com.example.test.TestApplication - Starting TestApplication using Java 21.0.11 with PID 15108 (C:\Users\ADMIN88\jvabackend\test\build\classes\java\main started by ADMIN88 in C:\Users\ADMIN88\jvabackend\test)
2026-07-30 11:46:18.826 [restartedMain] INFO  com.example.test.TestApplication - No active profile set, falling back to 1 default profile: "default"
2026-07-30 11:46:19.117 [restartedMain] INFO  com.zaxxer.hikari.HikariDataSource - HikariPool-31 - Starting...
2026-07-30 11:46:19.147 [restartedMain] INFO  com.zaxxer.hikari.pool.HikariPool - HikariPool-31 - Added connection org.postgresql.jdbc.PgConnection@61dcd3a
2026-07-30 11:46:19.148 [restartedMain] INFO  com.zaxxer.hikari.HikariDataSource - HikariPool-31 - Start completed.
2026-07-30 11:46:19.650 [restartedMain] INFO  com.example.test.TestApplication - Started TestApplication in 0.841 seconds (process running for 6568.11)
2026-07-30 11:47:16.393 [Thread-118] INFO  com.zaxxer.hikari.HikariDataSource - HikariPool-31 - Shutdown initiated...
2026-07-30 11:47:16.396 [Thread-118] INFO  com.zaxxer.hikari.HikariDataSource - HikariPool-31 - Shutdown completed.
2026-07-30 11:47:16.510 [restartedMain] INFO  com.example.test.TestApplication - Starting TestApplication using Java 21.0.11 with PID 15108 (C:\Users\ADMIN88\jvabackend\test\build\classes\java\main started by ADMIN88 in C:\Users\ADMIN88\jvabackend\test)
2026-07-30 11:47:16.510 [restartedMain] INFO  com.example.test.TestApplication - No active profile set, falling back to 1 default profile: "default"
2026-07-30 11:47:17.281 [restartedMain] INFO  com.zaxxer.hikari.HikariDataSource - HikariPool-32 - Starting...
2026-07-30 11:47:17.327 [restartedMain] INFO  com.zaxxer.hikari.pool.HikariPool - HikariPool-32 - Added connection org.postgresql.jdbc.PgConnection@432f45ef
2026-07-30 11:47:17.327 [restartedMain] INFO  com.zaxxer.hikari.HikariDataSource - HikariPool-32 - Start completed.
2026-07-30 11:47:18.198 [restartedMain] INFO  com.example.test.TestApplication - Started TestApplication in 1.718 seconds (process running for 6626.658)
2026-07-30 12:00:27.803 [Thread-122] INFO  com.zaxxer.hikari.HikariDataSource - HikariPool-32 - Shutdown initiated...
2026-07-30 12:00:27.805 [Thread-122] INFO  com.zaxxer.hikari.HikariDataSource - HikariPool-32 - Shutdown completed.
2026-07-30 12:00:28.010 [restartedMain] INFO  com.example.test.TestApplication - Starting TestApplication using Java 21.0.11 with PID 15108 (C:\Users\ADMIN88\jvabackend\test\build\classes\java\main started by ADMIN88 in C:\Users\ADMIN88\jvabackend\test)
2026-07-30 12:00:28.011 [restartedMain] INFO  com.example.test.TestApplication - No active profile set, falling back to 1 default profile: "default"
2026-07-30 12:00:30.043 [restartedMain] INFO  com.zaxxer.hikari.HikariDataSource - HikariPool-33 - Starting...
2026-07-30 12:00:30.097 [restartedMain] INFO  com.zaxxer.hikari.pool.HikariPool - HikariPool-33 - Added connection org.postgresql.jdbc.PgConnection@77c376cd
2026-07-30 12:00:30.098 [restartedMain] INFO  com.zaxxer.hikari.HikariDataSource - HikariPool-33 - Start completed.
2026-07-30 12:00:31.166 [restartedMain] INFO  com.example.test.TestApplication - Started TestApplication in 3.27 seconds (process running for 7419.625)
2026-07-30 12:00:50.072 [http-nio-8080-exec-4] INFO  c.e.test.controllers.UserController - Updating user with ID: 13
2026-07-30 12:00:50.081 [http-nio-8080-exec-4] INFO  c.e.t.m.s.impl.UserServiceImpl - Updating user record with ID: 13
2026-07-30 12:02:20.565 [http-nio-8080-exec-5] INFO  c.e.test.controllers.UserController - Updating user with ID: 13
2026-07-30 12:02:20.569 [http-nio-8080-exec-5] INFO  c.e.t.m.s.impl.UserServiceImpl - Updating user record with ID: 13
2026-07-30 12:02:21.230 [Thread-126] INFO  com.zaxxer.hikari.HikariDataSource - HikariPool-33 - Shutdown initiated...
2026-07-30 12:02:21.232 [Thread-126] INFO  com.zaxxer.hikari.HikariDataSource - HikariPool-33 - Shutdown completed.
2026-07-30 12:02:21.323 [restartedMain] INFO  com.example.test.TestApplication - Starting TestApplication using Java 21.0.11 with PID 15108 (C:\Users\ADMIN88\jvabackend\test\build\classes\java\main started by ADMIN88 in C:\Users\ADMIN88\jvabackend\test)
2026-07-30 12:02:21.323 [restartedMain] INFO  com.example.test.TestApplication - No active profile set, falling back to 1 default profile: "default"
2026-07-30 12:02:21.666 [restartedMain] INFO  com.zaxxer.hikari.HikariDataSource - HikariPool-34 - Starting...
2026-07-30 12:02:21.697 [restartedMain] INFO  com.zaxxer.hikari.pool.HikariPool - HikariPool-34 - Added connection org.postgresql.jdbc.PgConnection@3215660c
2026-07-30 12:02:21.697 [restartedMain] INFO  com.zaxxer.hikari.HikariDataSource - HikariPool-34 - Start completed.
2026-07-30 12:02:22.445 [restartedMain] INFO  com.example.test.TestApplication - Started TestApplication in 1.149 seconds (process running for 7530.905)
2026-07-30 12:02:41.409 [Thread-130] INFO  com.zaxxer.hikari.HikariDataSource - HikariPool-34 - Shutdown initiated...
2026-07-30 12:02:41.410 [Thread-130] INFO  com.zaxxer.hikari.HikariDataSource - HikariPool-34 - Shutdown completed.
2026-07-30 12:02:41.522 [restartedMain] INFO  com.example.test.TestApplication - Starting TestApplication using Java 21.0.11 with PID 15108 (C:\Users\ADMIN88\jvabackend\test\build\classes\java\main started by ADMIN88 in C:\Users\ADMIN88\jvabackend\test)
2026-07-30 12:02:41.522 [restartedMain] INFO  com.example.test.TestApplication - No active profile set, falling back to 1 default profile: "default"
2026-07-30 12:02:41.973 [restartedMain] INFO  com.zaxxer.hikari.HikariDataSource - HikariPool-35 - Starting...
2026-07-30 12:02:42.001 [restartedMain] INFO  com.zaxxer.hikari.pool.HikariPool - HikariPool-35 - Added connection org.postgresql.jdbc.PgConnection@447ec5a8
2026-07-30 12:02:42.001 [restartedMain] INFO  com.zaxxer.hikari.HikariDataSource - HikariPool-35 - Start completed.
2026-07-30 12:02:42.667 [restartedMain] INFO  com.example.test.TestApplication - Started TestApplication in 1.186 seconds (process running for 7551.127)
2026-07-30 13:39:44.782 [Thread-134] INFO  com.zaxxer.hikari.HikariDataSource - HikariPool-35 - Shutdown initiated...
2026-07-30 13:39:44.797 [Thread-134] INFO  com.zaxxer.hikari.HikariDataSource - HikariPool-35 - Shutdown completed.
2026-07-30 13:39:45.016 [restartedMain] INFO  com.example.test.TestApplication - Starting TestApplication using Java 21.0.11 with PID 15108 (C:\Users\ADMIN88\jvabackend\test\build\classes\java\main started by ADMIN88 in C:\Users\ADMIN88\jvabackend\test)
2026-07-30 13:39:45.016 [restartedMain] INFO  com.example.test.TestApplication - No active profile set, falling back to 1 default profile: "default"
2026-07-30 13:39:46.765 [restartedMain] INFO  com.zaxxer.hikari.HikariDataSource - HikariPool-36 - Starting...
2026-07-30 13:39:46.849 [restartedMain] INFO  com.zaxxer.hikari.pool.HikariPool - HikariPool-36 - Added connection org.postgresql.jdbc.PgConnection@1ef94dfa
2026-07-30 13:39:46.850 [restartedMain] INFO  com.zaxxer.hikari.HikariDataSource - HikariPool-36 - Start completed.
2026-07-30 13:39:48.080 [restartedMain] INFO  com.example.test.TestApplication - Started TestApplication in 3.185 seconds (process running for 13376.539)
2026-07-30 13:40:17.168 [Thread-138] INFO  com.zaxxer.hikari.HikariDataSource - HikariPool-36 - Shutdown initiated...
2026-07-30 13:40:17.169 [Thread-138] INFO  com.zaxxer.hikari.HikariDataSource - HikariPool-36 - Shutdown completed.
2026-07-30 13:40:17.273 [restartedMain] INFO  com.example.test.TestApplication - Starting TestApplication using Java 21.0.11 with PID 15108 (C:\Users\ADMIN88\jvabackend\test\build\classes\java\main started by ADMIN88 in C:\Users\ADMIN88\jvabackend\test)
2026-07-30 13:40:17.273 [restartedMain] INFO  com.example.test.TestApplication - No active profile set, falling back to 1 default profile: "default"
2026-07-30 13:40:17.871 [restartedMain] INFO  com.zaxxer.hikari.HikariDataSource - HikariPool-37 - Starting...
2026-07-30 13:40:17.910 [restartedMain] INFO  com.zaxxer.hikari.pool.HikariPool - HikariPool-37 - Added connection org.postgresql.jdbc.PgConnection@389002a5
2026-07-30 13:40:17.910 [restartedMain] INFO  com.zaxxer.hikari.HikariDataSource - HikariPool-37 - Start completed.
2026-07-30 13:40:18.585 [restartedMain] INFO  com.example.test.TestApplication - Started TestApplication in 1.352 seconds (process running for 13407.045)
2026-07-30 13:40:19.985 [Thread-142] INFO  com.zaxxer.hikari.HikariDataSource - HikariPool-37 - Shutdown initiated...
2026-07-30 13:40:19.988 [Thread-142] INFO  com.zaxxer.hikari.HikariDataSource - HikariPool-37 - Shutdown completed.
2026-07-30 13:40:20.057 [restartedMain] INFO  com.example.test.TestApplication - Starting TestApplication using Java 21.0.11 with PID 15108 (C:\Users\ADMIN88\jvabackend\test\build\classes\java\main started by ADMIN88 in C:\Users\ADMIN88\jvabackend\test)
2026-07-30 13:40:20.057 [restartedMain] INFO  com.example.test.TestApplication - No active profile set, falling back to 1 default profile: "default"
2026-07-30 13:40:20.344 [restartedMain] INFO  com.zaxxer.hikari.HikariDataSource - HikariPool-38 - Starting...
2026-07-30 13:40:20.369 [restartedMain] INFO  com.zaxxer.hikari.pool.HikariPool - HikariPool-38 - Added connection org.postgresql.jdbc.PgConnection@65e9a18c
2026-07-30 13:40:20.369 [restartedMain] INFO  com.zaxxer.hikari.HikariDataSource - HikariPool-38 - Start completed.
2026-07-30 13:40:21.340 [restartedMain] INFO  com.example.test.TestApplication - Started TestApplication in 1.305 seconds (process running for 13409.801)
2026-07-30 13:41:46.750 [Thread-146] INFO  com.zaxxer.hikari.HikariDataSource - HikariPool-38 - Shutdown initiated...
2026-07-30 13:41:46.752 [Thread-146] INFO  com.zaxxer.hikari.HikariDataSource - HikariPool-38 - Shutdown completed.
2026-07-30 13:41:46.859 [restartedMain] INFO  com.example.test.TestApplication - Starting TestApplication using Java 21.0.11 with PID 15108 (C:\Users\ADMIN88\jvabackend\test\build\classes\java\main started by ADMIN88 in C:\Users\ADMIN88\jvabackend\test)
2026-07-30 13:41:46.859 [restartedMain] INFO  com.example.test.TestApplication - No active profile set, falling back to 1 default profile: "default"
2026-07-30 13:41:47.695 [restartedMain] INFO  com.zaxxer.hikari.HikariDataSource - HikariPool-39 - Starting...
2026-07-30 13:41:47.729 [restartedMain] INFO  com.zaxxer.hikari.pool.HikariPool - HikariPool-39 - Added connection org.postgresql.jdbc.PgConnection@46e27f51
2026-07-30 13:41:47.729 [restartedMain] INFO  com.zaxxer.hikari.HikariDataSource - HikariPool-39 - Start completed.
2026-07-30 13:41:48.497 [restartedMain] INFO  com.example.test.TestApplication - Started TestApplication in 1.682 seconds (process running for 13496.957)
2026-07-30 13:43:15.868 [Thread-150] INFO  com.zaxxer.hikari.HikariDataSource - HikariPool-39 - Shutdown initiated...
2026-07-30 13:43:15.869 [Thread-150] INFO  com.zaxxer.hikari.HikariDataSource - HikariPool-39 - Shutdown completed.
2026-07-30 13:43:15.964 [restartedMain] INFO  com.example.test.TestApplication - Starting TestApplication using Java 21.0.11 with PID 15108 (C:\Users\ADMIN88\jvabackend\test\build\classes\java\main started by ADMIN88 in C:\Users\ADMIN88\jvabackend\test)
2026-07-30 13:43:15.964 [restartedMain] INFO  com.example.test.TestApplication - No active profile set, falling back to 1 default profile: "default"
2026-07-30 13:43:16.292 [restartedMain] INFO  com.zaxxer.hikari.HikariDataSource - HikariPool-40 - Starting...
2026-07-30 13:43:16.342 [restartedMain] INFO  com.zaxxer.hikari.pool.HikariPool - HikariPool-40 - Added connection org.postgresql.jdbc.PgConnection@44c53796
2026-07-30 13:43:16.342 [restartedMain] INFO  com.zaxxer.hikari.HikariDataSource - HikariPool-40 - Start completed.
2026-07-30 13:43:16.439 [restartedMain] INFO  com.zaxxer.hikari.HikariDataSource - HikariPool-40 - Shutdown initiated...
2026-07-30 13:43:16.440 [restartedMain] INFO  com.zaxxer.hikari.HikariDataSource - HikariPool-40 - Shutdown completed.
2026-07-30 13:43:17.931 [restartedMain] INFO  com.example.test.TestApplication - Starting TestApplication using Java 21.0.11 with PID 15108 (C:\Users\ADMIN88\jvabackend\test\build\classes\java\main started by ADMIN88 in C:\Users\ADMIN88\jvabackend\test)
2026-07-30 13:43:17.931 [restartedMain] INFO  com.example.test.TestApplication - No active profile set, falling back to 1 default profile: "default"
2026-07-30 13:43:18.204 [restartedMain] INFO  com.zaxxer.hikari.HikariDataSource - HikariPool-41 - Starting...
2026-07-30 13:43:18.228 [restartedMain] INFO  com.zaxxer.hikari.pool.HikariPool - HikariPool-41 - Added connection org.postgresql.jdbc.PgConnection@52122cef
2026-07-30 13:43:18.229 [restartedMain] INFO  com.zaxxer.hikari.HikariDataSource - HikariPool-41 - Start completed.
2026-07-30 13:43:18.266 [restartedMain] INFO  com.zaxxer.hikari.HikariDataSource - HikariPool-41 - Shutdown initiated...
2026-07-30 13:43:18.266 [restartedMain] INFO  com.zaxxer.hikari.HikariDataSource - HikariPool-41 - Shutdown completed.
2026-07-30 13:59:07.570 [restartedMain] INFO  com.example.test.TestApplication - Starting TestApplication using Java 21.0.11 with PID 15108 (C:\Users\ADMIN88\jvabackend\test\build\classes\java\main started by ADMIN88 in C:\Users\ADMIN88\jvabackend\test)
2026-07-30 13:59:07.570 [restartedMain] INFO  com.example.test.TestApplication - No active profile set, falling back to 1 default profile: "default"
2026-07-30 13:59:08.222 [restartedMain] INFO  com.zaxxer.hikari.HikariDataSource - HikariPool-42 - Starting...
2026-07-30 13:59:08.262 [restartedMain] INFO  com.zaxxer.hikari.pool.HikariPool - HikariPool-42 - Added connection org.postgresql.jdbc.PgConnection@487f8b5b
2026-07-30 13:59:08.263 [restartedMain] INFO  com.zaxxer.hikari.HikariDataSource - HikariPool-42 - Start completed.
2026-07-30 13:59:08.397 [restartedMain] INFO  com.zaxxer.hikari.HikariDataSource - HikariPool-42 - Shutdown initiated...
2026-07-30 13:59:08.474 [restartedMain] INFO  com.zaxxer.hikari.HikariDataSource - HikariPool-42 - Shutdown completed.
2026-07-30 13:59:09.959 [restartedMain] INFO  com.example.test.TestApplication - Starting TestApplication using Java 21.0.11 with PID 15108 (C:\Users\ADMIN88\jvabackend\test\build\classes\java\main started by ADMIN88 in C:\Users\ADMIN88\jvabackend\test)
2026-07-30 13:59:09.959 [restartedMain] INFO  com.example.test.TestApplication - No active profile set, falling back to 1 default profile: "default"
2026-07-30 13:59:10.209 [restartedMain] INFO  com.zaxxer.hikari.HikariDataSource - HikariPool-43 - Starting...
2026-07-30 13:59:10.234 [restartedMain] INFO  com.zaxxer.hikari.pool.HikariPool - HikariPool-43 - Added connection org.postgresql.jdbc.PgConnection@d4b6522
2026-07-30 13:59:10.234 [restartedMain] INFO  com.zaxxer.hikari.HikariDataSource - HikariPool-43 - Start completed.
2026-07-30 13:59:10.277 [restartedMain] INFO  com.zaxxer.hikari.HikariDataSource - HikariPool-43 - Shutdown initiated...
2026-07-30 13:59:10.277 [restartedMain] INFO  com.zaxxer.hikari.HikariDataSource - HikariPool-43 - Shutdown completed.
2026-07-30 14:04:43.806 [restartedMain] INFO  com.example.test.TestApplication - Starting TestApplication using Java 21.0.11 with PID 25688 (C:\Users\ADMIN88\jvabackend\test\build\classes\java\main started by ADMIN88 in C:\Users\ADMIN88\jvabackend\test)
2026-07-30 14:04:43.809 [restartedMain] INFO  com.example.test.TestApplication - No active profile set, falling back to 1 default profile: "default"
2026-07-30 14:04:49.161 [restartedMain] INFO  com.zaxxer.hikari.HikariDataSource - HikariPool-1 - Starting...
2026-07-30 14:04:49.297 [restartedMain] INFO  com.zaxxer.hikari.pool.HikariPool - HikariPool-1 - Added connection org.postgresql.jdbc.PgConnection@100b394b
2026-07-30 14:04:49.298 [restartedMain] INFO  com.zaxxer.hikari.HikariDataSource - HikariPool-1 - Start completed.
2026-07-30 14:04:50.116 [restartedMain] INFO  com.zaxxer.hikari.HikariDataSource - HikariPool-1 - Shutdown initiated...
2026-07-30 14:04:50.166 [restartedMain] INFO  com.zaxxer.hikari.HikariDataSource - HikariPool-1 - Shutdown completed.
2026-07-30 14:09:38.886 [restartedMain] INFO  com.example.test.TestApplication - Starting TestApplication using Java 21.0.11 with PID 9728 (C:\Users\ADMIN88\jvabackend\test\build\classes\java\main started by ADMIN88 in C:\Users\ADMIN88\jvabackend\test)
2026-07-30 14:09:38.891 [restartedMain] INFO  com.example.test.TestApplication - No active profile set, falling back to 1 default profile: "default"
2026-07-30 14:09:43.505 [restartedMain] INFO  com.zaxxer.hikari.HikariDataSource - HikariPool-1 - Starting...
2026-07-30 14:09:43.671 [restartedMain] INFO  com.zaxxer.hikari.pool.HikariPool - HikariPool-1 - Added connection org.postgresql.jdbc.PgConnection@19e807eb
2026-07-30 14:09:43.675 [restartedMain] INFO  com.zaxxer.hikari.HikariDataSource - HikariPool-1 - Start completed.
2026-07-30 14:09:47.142 [restartedMain] INFO  com.zaxxer.hikari.HikariDataSource - HikariPool-1 - Shutdown initiated...
2026-07-30 14:09:47.146 [restartedMain] INFO  com.zaxxer.hikari.HikariDataSource - HikariPool-1 - Shutdown completed.
2026-07-30 14:10:22.094 [restartedMain] INFO  com.example.test.TestApplication - Starting TestApplication using Java 21.0.11 with PID 19696 (C:\Users\ADMIN88\jvabackend\test\build\classes\java\main started by ADMIN88 in C:\Users\ADMIN88\jvabackend\test)
2026-07-30 14:10:22.096 [restartedMain] INFO  com.example.test.TestApplication - No active profile set, falling back to 1 default profile: "default"
2026-07-30 14:10:23.687 [restartedMain] INFO  com.zaxxer.hikari.HikariDataSource - HikariPool-1 - Starting...
2026-07-30 14:10:23.763 [restartedMain] INFO  com.zaxxer.hikari.pool.HikariPool - HikariPool-1 - Added connection org.postgresql.jdbc.PgConnection@2e763bd2
2026-07-30 14:10:23.765 [restartedMain] INFO  com.zaxxer.hikari.HikariDataSource - HikariPool-1 - Start completed.
2026-07-30 14:10:25.564 [restartedMain] INFO  com.zaxxer.hikari.HikariDataSource - HikariPool-1 - Shutdown initiated...
2026-07-30 14:10:25.567 [restartedMain] INFO  com.zaxxer.hikari.HikariDataSource - HikariPool-1 - Shutdown completed.
2026-07-30 14:13:24.482 [restartedMain] INFO  com.example.test.TestApplication - Starting TestApplication using Java 21.0.11 with PID 14460 (C:\Users\ADMIN88\jvabackend\test\build\classes\java\main started by ADMIN88 in C:\Users\ADMIN88\jvabackend\test)
2026-07-30 14:13:24.484 [restartedMain] INFO  com.example.test.TestApplication - No active profile set, falling back to 1 default profile: "default"
2026-07-30 14:13:26.090 [restartedMain] INFO  com.zaxxer.hikari.HikariDataSource - HikariPool-1 - Starting...
2026-07-30 14:13:26.173 [restartedMain] INFO  com.zaxxer.hikari.pool.HikariPool - HikariPool-1 - Added connection org.postgresql.jdbc.PgConnection@616640ea
2026-07-30 14:13:26.174 [restartedMain] INFO  com.zaxxer.hikari.HikariDataSource - HikariPool-1 - Start completed.
2026-07-30 14:13:29.420 [restartedMain] INFO  com.example.test.TestApplication - Started TestApplication in 5.371 seconds (process running for 5.883)
2026-07-30 14:14:13.565 [http-nio-8080-exec-2] INFO  c.e.test.controllers.AuthController - Attempting login for user: nhanvien03
2026-07-30 14:14:36.174 [http-nio-8080-exec-5] INFO  c.e.t.c.PermissionController - Received request to add new permission: PermissionReq(name=create)
2026-07-30 14:14:54.517 [http-nio-8080-exec-3] INFO  c.e.t.c.PermissionController - Received request to add new permission: PermissionReq(name=read
)
2026-07-30 14:14:54.518 [http-nio-8080-exec-3] INFO  c.e.t.m.s.impl.PermissionServiceImpl - Creating new permission entity to database for permission name: READ
2026-07-30 14:15:04.082 [http-nio-8080-exec-6] INFO  c.e.t.c.PermissionController - Received request to add new permission: PermissionReq(name=update

)
2026-07-30 14:15:04.084 [http-nio-8080-exec-6] INFO  c.e.t.m.s.impl.PermissionServiceImpl - Creating new permission entity to database for permission name: UPDATE
2026-07-30 14:16:32.491 [http-nio-8080-exec-9] INFO  c.e.test.controllers.RoleController - Received request to add new role: RoleReq(roleName=manager, permissions=[1, 2, 3])
2026-07-30 14:16:39.214 [http-nio-8080-exec-1] INFO  c.e.test.controllers.RoleController - Received request to add new role: RoleReq(roleName=manager, permissions=[2, 3])
2026-07-30 14:16:47.696 [http-nio-8080-exec-5] INFO  c.e.test.controllers.RoleController - Received request to add new role: RoleReq(roleName=manager, permissions=[3, 4])
2026-07-30 14:17:22.216 [http-nio-8080-exec-3] INFO  c.e.test.controllers.RoleController - Fetching list of all roles
2026-07-30 14:17:41.624 [http-nio-8080-exec-6] INFO  c.e.test.controllers.RoleController - Updating role with ID: 1
2026-07-30 14:17:41.637 [http-nio-8080-exec-6] INFO  c.e.t.m.s.impl.RoleServiceImpl - Updating role record with ID: 1
2026-07-30 14:18:00.410 [http-nio-8080-exec-8] INFO  c.e.test.controllers.RoleController - Updating role with ID: 1
2026-07-30 14:18:00.413 [http-nio-8080-exec-8] INFO  c.e.t.m.s.impl.RoleServiceImpl - Updating role record with ID: 1
2026-07-30 14:18:10.381 [http-nio-8080-exec-7] INFO  c.e.test.controllers.RoleController - Updating role with ID: 1
2026-07-30 14:18:10.383 [http-nio-8080-exec-7] INFO  c.e.t.m.s.impl.RoleServiceImpl - Updating role record with ID: 1
2026-07-30 14:21:42.994 [Thread-1] INFO  com.zaxxer.hikari.HikariDataSource - HikariPool-1 - Shutdown initiated...
2026-07-30 14:21:42.998 [Thread-1] INFO  com.zaxxer.hikari.HikariDataSource - HikariPool-1 - Shutdown completed.
2026-07-30 14:21:43.141 [restartedMain] INFO  com.example.test.TestApplication - Starting TestApplication using Java 21.0.11 with PID 14460 (C:\Users\ADMIN88\jvabackend\test\build\classes\java\main started by ADMIN88 in C:\Users\ADMIN88\jvabackend\test)
2026-07-30 14:21:43.141 [restartedMain] INFO  com.example.test.TestApplication - No active profile set, falling back to 1 default profile: "default"
2026-07-30 14:21:43.887 [restartedMain] INFO  com.zaxxer.hikari.HikariDataSource - HikariPool-2 - Starting...
2026-07-30 14:21:43.923 [restartedMain] INFO  com.zaxxer.hikari.pool.HikariPool - HikariPool-2 - Added connection org.postgresql.jdbc.PgConnection@ff969a8
2026-07-30 14:21:43.924 [restartedMain] INFO  com.zaxxer.hikari.HikariDataSource - HikariPool-2 - Start completed.
2026-07-30 14:21:44.359 [restartedMain] INFO  com.zaxxer.hikari.HikariDataSource - HikariPool-2 - Shutdown initiated...
2026-07-30 14:21:44.380 [restartedMain] INFO  com.zaxxer.hikari.HikariDataSource - HikariPool-2 - Shutdown completed.
2026-07-30 14:21:45.905 [restartedMain] INFO  com.example.test.TestApplication - Starting TestApplication using Java 21.0.11 with PID 14460 (C:\Users\ADMIN88\jvabackend\test\build\classes\java\main started by ADMIN88 in C:\Users\ADMIN88\jvabackend\test)
2026-07-30 14:21:45.905 [restartedMain] INFO  com.example.test.TestApplication - No active profile set, falling back to 1 default profile: "default"
2026-07-30 14:21:46.194 [restartedMain] INFO  com.zaxxer.hikari.HikariDataSource - HikariPool-3 - Starting...
2026-07-30 14:21:46.326 [restartedMain] INFO  com.zaxxer.hikari.pool.HikariPool - HikariPool-3 - Added connection org.postgresql.jdbc.PgConnection@5ab91c66
2026-07-30 14:21:46.326 [restartedMain] INFO  com.zaxxer.hikari.HikariDataSource - HikariPool-3 - Start completed.
2026-07-30 14:21:47.109 [restartedMain] INFO  com.example.test.TestApplication - Started TestApplication in 1.241 seconds (process running for 503.573)
2026-07-30 14:22:03.289 [Thread-5] INFO  com.zaxxer.hikari.HikariDataSource - HikariPool-3 - Shutdown initiated...
2026-07-30 14:22:03.292 [Thread-5] INFO  com.zaxxer.hikari.HikariDataSource - HikariPool-3 - Shutdown completed.
2026-07-30 14:22:03.362 [restartedMain] INFO  com.example.test.TestApplication - Starting TestApplication using Java 21.0.11 with PID 14460 (C:\Users\ADMIN88\jvabackend\test\build\classes\java\main started by ADMIN88 in C:\Users\ADMIN88\jvabackend\test)
2026-07-30 14:22:03.362 [restartedMain] INFO  com.example.test.TestApplication - No active profile set, falling back to 1 default profile: "default"
2026-07-30 14:22:03.638 [restartedMain] INFO  com.zaxxer.hikari.HikariDataSource - HikariPool-4 - Starting...
2026-07-30 14:22:03.664 [restartedMain] INFO  com.zaxxer.hikari.pool.HikariPool - HikariPool-4 - Added connection org.postgresql.jdbc.PgConnection@56e4b1b0
2026-07-30 14:22:03.664 [restartedMain] INFO  com.zaxxer.hikari.HikariDataSource - HikariPool-4 - Start completed.
2026-07-30 14:22:04.150 [restartedMain] INFO  com.example.test.TestApplication - Started TestApplication in 0.812 seconds (process running for 520.614)
2026-07-30 14:22:20.900 [Thread-12] INFO  com.zaxxer.hikari.HikariDataSource - HikariPool-4 - Shutdown initiated...
2026-07-30 14:22:20.903 [Thread-12] INFO  com.zaxxer.hikari.HikariDataSource - HikariPool-4 - Shutdown completed.
2026-07-30 14:22:20.985 [restartedMain] INFO  com.example.test.TestApplication - Starting TestApplication using Java 21.0.11 with PID 14460 (C:\Users\ADMIN88\jvabackend\test\build\classes\java\main started by ADMIN88 in C:\Users\ADMIN88\jvabackend\test)
2026-07-30 14:22:20.986 [restartedMain] INFO  com.example.test.TestApplication - No active profile set, falling back to 1 default profile: "default"
2026-07-30 14:22:21.447 [restartedMain] INFO  com.zaxxer.hikari.HikariDataSource - HikariPool-5 - Starting...
2026-07-30 14:22:21.496 [restartedMain] INFO  com.zaxxer.hikari.pool.HikariPool - HikariPool-5 - Added connection org.postgresql.jdbc.PgConnection@3c4be510
2026-07-30 14:22:21.496 [restartedMain] INFO  com.zaxxer.hikari.HikariDataSource - HikariPool-5 - Start completed.
2026-07-30 14:22:22.076 [restartedMain] INFO  com.example.test.TestApplication - Started TestApplication in 1.121 seconds (process running for 538.54)
2026-07-30 14:22:23.509 [Thread-16] INFO  com.zaxxer.hikari.HikariDataSource - HikariPool-5 - Shutdown initiated...
2026-07-30 14:22:23.512 [Thread-16] INFO  com.zaxxer.hikari.HikariDataSource - HikariPool-5 - Shutdown completed.
2026-07-30 14:22:23.570 [restartedMain] INFO  com.example.test.TestApplication - Starting TestApplication using Java 21.0.11 with PID 14460 (C:\Users\ADMIN88\jvabackend\test\build\classes\java\main started by ADMIN88 in C:\Users\ADMIN88\jvabackend\test)
2026-07-30 14:22:23.570 [restartedMain] INFO  com.example.test.TestApplication - No active profile set, falling back to 1 default profile: "default"
2026-07-30 14:22:23.850 [restartedMain] INFO  com.zaxxer.hikari.HikariDataSource - HikariPool-6 - Starting...
2026-07-30 14:22:23.873 [restartedMain] INFO  com.zaxxer.hikari.pool.HikariPool - HikariPool-6 - Added connection org.postgresql.jdbc.PgConnection@ad07c36
2026-07-30 14:22:23.873 [restartedMain] INFO  com.zaxxer.hikari.HikariDataSource - HikariPool-6 - Start completed.
2026-07-30 14:22:24.335 [restartedMain] INFO  com.example.test.TestApplication - Started TestApplication in 0.785 seconds (process running for 540.798)
2026-07-30 14:24:05.826 [Thread-20] INFO  com.zaxxer.hikari.HikariDataSource - HikariPool-6 - Shutdown initiated...
2026-07-30 14:24:05.828 [Thread-20] INFO  com.zaxxer.hikari.HikariDataSource - HikariPool-6 - Shutdown completed.
2026-07-30 14:24:05.908 [restartedMain] INFO  com.example.test.TestApplication - Starting TestApplication using Java 21.0.11 with PID 14460 (C:\Users\ADMIN88\jvabackend\test\build\classes\java\main started by ADMIN88 in C:\Users\ADMIN88\jvabackend\test)
2026-07-30 14:24:05.908 [restartedMain] INFO  com.example.test.TestApplication - No active profile set, falling back to 1 default profile: "default"
2026-07-30 14:24:06.235 [restartedMain] INFO  com.zaxxer.hikari.HikariDataSource - HikariPool-7 - Starting...
2026-07-30 14:24:06.265 [restartedMain] INFO  com.zaxxer.hikari.pool.HikariPool - HikariPool-7 - Added connection org.postgresql.jdbc.PgConnection@7b6500b3
2026-07-30 14:24:06.265 [restartedMain] INFO  com.zaxxer.hikari.HikariDataSource - HikariPool-7 - Start completed.
2026-07-30 14:24:06.877 [restartedMain] INFO  com.example.test.TestApplication - Started TestApplication in 0.997 seconds (process running for 643.34)
2026-07-30 14:24:07.693 [http-nio-8080-exec-2] INFO  c.e.test.controllers.RoleController - Updating role with ID: 1
2026-07-30 14:24:09.311 [http-nio-8080-exec-3] INFO  c.e.test.controllers.RoleController - Updating role with ID: 1
2026-07-30 14:24:10.305 [http-nio-8080-exec-6] INFO  c.e.test.controllers.RoleController - Updating role with ID: 1
2026-07-30 14:24:11.057 [http-nio-8080-exec-8] INFO  c.e.test.controllers.RoleController - Updating role with ID: 1
2026-07-30 14:24:36.788 [http-nio-8080-exec-10] INFO  c.e.test.controllers.RoleController - Updating role with ID: 1
2026-07-30 14:24:36.816 [http-nio-8080-exec-10] INFO  c.e.t.m.s.impl.RoleServiceImpl - Updating role record with ID: 1
2026-07-30 14:25:02.633 [http-nio-8080-exec-1] INFO  c.e.test.controllers.RoleController - Updating role with ID: 1
2026-07-30 14:25:02.637 [http-nio-8080-exec-1] INFO  c.e.t.m.s.impl.RoleServiceImpl - Updating role record with ID: 1
2026-07-30 14:25:14.090 [http-nio-8080-exec-2] INFO  c.e.test.controllers.RoleController - Updating role with ID: 1
2026-07-30 14:25:37.199 [http-nio-8080-exec-3] INFO  c.e.test.controllers.RoleController - Updating role with ID: 1
2026-07-30 14:25:37.354 [Thread-24] INFO  com.zaxxer.hikari.HikariDataSource - HikariPool-7 - Shutdown initiated...
2026-07-30 14:25:37.356 [Thread-24] INFO  com.zaxxer.hikari.HikariDataSource - HikariPool-7 - Shutdown completed.
2026-07-30 14:25:37.470 [restartedMain] INFO  com.example.test.TestApplication - Starting TestApplication using Java 21.0.11 with PID 14460 (C:\Users\ADMIN88\jvabackend\test\build\classes\java\main started by ADMIN88 in C:\Users\ADMIN88\jvabackend\test)
2026-07-30 14:25:37.470 [restartedMain] INFO  com.example.test.TestApplication - No active profile set, falling back to 1 default profile: "default"
2026-07-30 14:25:37.851 [restartedMain] INFO  com.zaxxer.hikari.HikariDataSource - HikariPool-8 - Starting...
2026-07-30 14:25:37.879 [restartedMain] INFO  com.zaxxer.hikari.pool.HikariPool - HikariPool-8 - Added connection org.postgresql.jdbc.PgConnection@3e8c9be1
2026-07-30 14:25:37.879 [restartedMain] INFO  com.zaxxer.hikari.HikariDataSource - HikariPool-8 - Start completed.
2026-07-30 14:25:38.495 [restartedMain] INFO  com.example.test.TestApplication - Started TestApplication in 1.073 seconds (process running for 734.959)
2026-07-30 14:25:39.498 [http-nio-8080-exec-2] INFO  c.e.test.controllers.RoleController - Updating role with ID: 1
2026-07-30 14:25:39.506 [http-nio-8080-exec-2] INFO  c.e.t.m.s.impl.RoleServiceImpl - Updating role record with ID: 1
2026-07-30 14:26:10.617 [http-nio-8080-exec-3] INFO  c.e.test.controllers.RoleController - Updating role with ID: 1
2026-07-30 14:26:10.620 [http-nio-8080-exec-3] INFO  c.e.t.m.s.impl.RoleServiceImpl - Updating role record with ID: 1
2026-07-30 14:27:08.570 [http-nio-8080-exec-4] INFO  c.e.test.controllers.RoleController - Received request to add new role: RoleReq(roleName=ADMIN, permissions=[2, 3])
2026-07-30 14:27:08.576 [http-nio-8080-exec-4] INFO  c.e.t.m.s.impl.RoleServiceImpl - Creating new role entity to database for role name: ROLE_ADMIN
2026-07-30 14:27:56.697 [http-nio-8080-exec-7] INFO  c.e.test.controllers.RoleController - Updating role with ID: 10
2026-07-30 14:27:56.701 [http-nio-8080-exec-7] INFO  c.e.t.m.s.impl.RoleServiceImpl - Updating role record with ID: 10
2026-07-30 14:32:06.614 [Thread-28] INFO  com.zaxxer.hikari.HikariDataSource - HikariPool-8 - Shutdown initiated...
2026-07-30 14:32:06.623 [Thread-28] INFO  com.zaxxer.hikari.HikariDataSource - HikariPool-8 - Shutdown completed.
2026-07-30 14:32:06.727 [restartedMain] INFO  com.example.test.TestApplication - Starting TestApplication using Java 21.0.11 with PID 14460 (C:\Users\ADMIN88\jvabackend\test\build\classes\java\main started by ADMIN88 in C:\Users\ADMIN88\jvabackend\test)
2026-07-30 14:32:06.727 [restartedMain] INFO  com.example.test.TestApplication - No active profile set, falling back to 1 default profile: "default"
2026-07-30 14:32:07.297 [restartedMain] INFO  com.zaxxer.hikari.HikariDataSource - HikariPool-9 - Starting...
2026-07-30 14:32:07.326 [restartedMain] INFO  com.zaxxer.hikari.pool.HikariPool - HikariPool-9 - Added connection org.postgresql.jdbc.PgConnection@49a2b604
2026-07-30 14:32:07.327 [restartedMain] INFO  com.zaxxer.hikari.HikariDataSource - HikariPool-9 - Start completed.
2026-07-30 14:32:07.373 [restartedMain] INFO  com.zaxxer.hikari.HikariDataSource - HikariPool-9 - Shutdown initiated...
2026-07-30 14:32:07.373 [restartedMain] INFO  com.zaxxer.hikari.HikariDataSource - HikariPool-9 - Shutdown completed.
2026-07-30 15:06:57.310 [restartedMain] INFO  com.example.test.TestApplication - Starting TestApplication using Java 21.0.11 with PID 20556 (C:\Users\ADMIN88\jvabackend\test\build\classes\java\main started by ADMIN88 in C:\Users\ADMIN88\jvabackend\test)
2026-07-30 15:06:57.316 [restartedMain] INFO  com.example.test.TestApplication - No active profile set, falling back to 1 default profile: "default"
2026-07-30 15:06:59.420 [restartedMain] INFO  com.zaxxer.hikari.HikariDataSource - HikariPool-1 - Starting...
2026-07-30 15:06:59.512 [restartedMain] INFO  com.zaxxer.hikari.pool.HikariPool - HikariPool-1 - Added connection org.postgresql.jdbc.PgConnection@78485b01
2026-07-30 15:06:59.512 [restartedMain] INFO  com.zaxxer.hikari.HikariDataSource - HikariPool-1 - Start completed.
2026-07-30 15:07:01.913 [restartedMain] INFO  com.example.test.TestApplication - Started TestApplication in 5.06 seconds (process running for 6.0)
2026-07-30 15:22:48.646 [Thread-1] INFO  com.zaxxer.hikari.HikariDataSource - HikariPool-1 - Shutdown initiated...
2026-07-30 15:22:48.654 [Thread-1] INFO  com.zaxxer.hikari.HikariDataSource - HikariPool-1 - Shutdown completed.
2026-07-30 15:22:48.782 [restartedMain] INFO  com.example.test.TestApplication - Starting TestApplication using Java 21.0.11 with PID 20556 (C:\Users\ADMIN88\jvabackend\test\build\classes\java\main started by ADMIN88 in C:\Users\ADMIN88\jvabackend\test)
2026-07-30 15:22:48.782 [restartedMain] INFO  com.example.test.TestApplication - No active profile set, falling back to 1 default profile: "default"
2026-07-30 15:22:49.556 [restartedMain] INFO  com.zaxxer.hikari.HikariDataSource - HikariPool-2 - Starting...
2026-07-30 15:22:49.586 [restartedMain] INFO  com.zaxxer.hikari.pool.HikariPool - HikariPool-2 - Added connection org.postgresql.jdbc.PgConnection@525ea695
2026-07-30 15:22:49.586 [restartedMain] INFO  com.zaxxer.hikari.HikariDataSource - HikariPool-2 - Start completed.
2026-07-30 15:22:50.356 [restartedMain] INFO  com.example.test.TestApplication - Started TestApplication in 1.625 seconds (process running for 954.443)
2026-07-30 15:22:51.775 [Thread-5] INFO  com.zaxxer.hikari.HikariDataSource - HikariPool-2 - Shutdown initiated...
2026-07-30 15:22:51.776 [Thread-5] INFO  com.zaxxer.hikari.HikariDataSource - HikariPool-2 - Shutdown completed.
2026-07-30 15:22:51.885 [restartedMain] INFO  com.example.test.TestApplication - Starting TestApplication using Java 21.0.11 with PID 20556 (C:\Users\ADMIN88\jvabackend\test\build\classes\java\main started by ADMIN88 in C:\Users\ADMIN88\jvabackend\test)
2026-07-30 15:22:51.886 [restartedMain] INFO  com.example.test.TestApplication - No active profile set, falling back to 1 default profile: "default"
2026-07-30 15:22:52.284 [restartedMain] INFO  com.zaxxer.hikari.HikariDataSource - HikariPool-3 - Starting...
2026-07-30 15:22:52.309 [restartedMain] INFO  com.zaxxer.hikari.pool.HikariPool - HikariPool-3 - Added connection org.postgresql.jdbc.PgConnection@43ac3ba8
2026-07-30 15:22:52.310 [restartedMain] INFO  com.zaxxer.hikari.HikariDataSource - HikariPool-3 - Start completed.
2026-07-30 15:22:53.005 [restartedMain] INFO  com.example.test.TestApplication - Started TestApplication in 1.164 seconds (process running for 957.092)
2026-07-30 15:23:02.748 [Thread-9] INFO  com.zaxxer.hikari.HikariDataSource - HikariPool-3 - Shutdown initiated...
2026-07-30 15:23:02.752 [Thread-9] INFO  com.zaxxer.hikari.HikariDataSource - HikariPool-3 - Shutdown completed.
2026-07-30 15:23:02.850 [restartedMain] INFO  com.example.test.TestApplication - Starting TestApplication using Java 21.0.11 with PID 20556 (C:\Users\ADMIN88\jvabackend\test\build\classes\java\main started by ADMIN88 in C:\Users\ADMIN88\jvabackend\test)
2026-07-30 15:23:02.850 [restartedMain] INFO  com.example.test.TestApplication - No active profile set, falling back to 1 default profile: "default"
2026-07-30 15:23:03.549 [restartedMain] INFO  com.zaxxer.hikari.HikariDataSource - HikariPool-4 - Starting...
2026-07-30 15:23:03.578 [restartedMain] INFO  com.zaxxer.hikari.pool.HikariPool - HikariPool-4 - Added connection org.postgresql.jdbc.PgConnection@5d18549a
2026-07-30 15:23:03.579 [restartedMain] INFO  com.zaxxer.hikari.HikariDataSource - HikariPool-4 - Start completed.
2026-07-30 15:23:04.470 [restartedMain] INFO  com.example.test.TestApplication - Started TestApplication in 1.661 seconds (process running for 968.557)
2026-07-30 15:23:05.894 [Thread-13] INFO  com.zaxxer.hikari.HikariDataSource - HikariPool-4 - Shutdown initiated...
2026-07-30 15:23:05.902 [Thread-13] INFO  com.zaxxer.hikari.HikariDataSource - HikariPool-4 - Shutdown completed.
2026-07-30 15:23:06.012 [restartedMain] INFO  com.example.test.TestApplication - Starting TestApplication using Java 21.0.11 with PID 20556 (C:\Users\ADMIN88\jvabackend\test\build\classes\java\main started by ADMIN88 in C:\Users\ADMIN88\jvabackend\test)
2026-07-30 15:23:06.013 [restartedMain] INFO  com.example.test.TestApplication - No active profile set, falling back to 1 default profile: "default"
2026-07-30 15:23:06.718 [restartedMain] INFO  com.zaxxer.hikari.HikariDataSource - HikariPool-5 - Starting...
2026-07-30 15:23:06.748 [restartedMain] INFO  com.zaxxer.hikari.pool.HikariPool - HikariPool-5 - Added connection org.postgresql.jdbc.PgConnection@3d1d2b36
2026-07-30 15:23:06.748 [restartedMain] INFO  com.zaxxer.hikari.HikariDataSource - HikariPool-5 - Start completed.
2026-07-30 15:23:07.616 [restartedMain] INFO  com.example.test.TestApplication - Started TestApplication in 1.645 seconds (process running for 971.703)
2026-07-30 15:24:16.911 [Thread-17] INFO  com.zaxxer.hikari.HikariDataSource - HikariPool-5 - Shutdown initiated...
2026-07-30 15:24:16.914 [Thread-17] INFO  com.zaxxer.hikari.HikariDataSource - HikariPool-5 - Shutdown completed.
2026-07-30 15:24:17.030 [restartedMain] INFO  com.example.test.TestApplication - Starting TestApplication using Java 21.0.11 with PID 20556 (C:\Users\ADMIN88\jvabackend\test\build\classes\java\main started by ADMIN88 in C:\Users\ADMIN88\jvabackend\test)
2026-07-30 15:24:17.032 [restartedMain] INFO  com.example.test.TestApplication - No active profile set, falling back to 1 default profile: "default"
2026-07-30 15:24:17.613 [restartedMain] INFO  com.zaxxer.hikari.HikariDataSource - HikariPool-6 - Starting...
2026-07-30 15:24:17.647 [restartedMain] INFO  com.zaxxer.hikari.pool.HikariPool - HikariPool-6 - Added connection org.postgresql.jdbc.PgConnection@33c3fb9d
2026-07-30 15:24:17.647 [restartedMain] INFO  com.zaxxer.hikari.HikariDataSource - HikariPool-6 - Start completed.
2026-07-30 15:24:18.458 [restartedMain] INFO  com.example.test.TestApplication - Started TestApplication in 1.478 seconds (process running for 1042.545)
2026-07-30 15:24:18.506 [SpringApplicationShutdownHook] INFO  com.zaxxer.hikari.HikariDataSource - HikariPool-6 - Shutdown initiated...
2026-07-30 15:24:18.507 [SpringApplicationShutdownHook] INFO  com.zaxxer.hikari.HikariDataSource - HikariPool-6 - Shutdown completed.
2026-07-30 15:25:55.731 [restartedMain] INFO  com.example.test.TestApplication - Starting TestApplication using Java 21.0.11 with PID 22076 (C:\Users\ADMIN88\jvabackend\test\build\classes\java\main started by ADMIN88 in C:\Users\ADMIN88\jvabackend\test)
2026-07-30 15:25:55.732 [restartedMain] INFO  com.example.test.TestApplication - No active profile set, falling back to 1 default profile: "default"
2026-07-30 15:25:57.317 [restartedMain] INFO  com.zaxxer.hikari.HikariDataSource - HikariPool-1 - Starting...
2026-07-30 15:25:57.397 [restartedMain] INFO  com.zaxxer.hikari.pool.HikariPool - HikariPool-1 - Added connection org.postgresql.jdbc.PgConnection@48d2d91
2026-07-30 15:25:57.398 [restartedMain] INFO  com.zaxxer.hikari.HikariDataSource - HikariPool-1 - Start completed.
2026-07-30 15:25:59.980 [restartedMain] INFO  com.zaxxer.hikari.HikariDataSource - HikariPool-1 - Shutdown initiated...
2026-07-30 15:25:59.985 [restartedMain] INFO  com.zaxxer.hikari.HikariDataSource - HikariPool-1 - Shutdown completed.
2026-07-30 15:26:46.684 [restartedMain] INFO  com.example.test.TestApplication - Starting TestApplication using Java 21.0.11 with PID 20404 (C:\Users\ADMIN88\jvabackend\test\build\classes\java\main started by ADMIN88 in C:\Users\ADMIN88\jvabackend\test)
2026-07-30 15:26:46.686 [restartedMain] INFO  com.example.test.TestApplication - No active profile set, falling back to 1 default profile: "default"
2026-07-30 15:26:48.187 [restartedMain] INFO  com.zaxxer.hikari.HikariDataSource - HikariPool-1 - Starting...
2026-07-30 15:26:48.262 [restartedMain] INFO  com.zaxxer.hikari.pool.HikariPool - HikariPool-1 - Added connection org.postgresql.jdbc.PgConnection@65795bd0
2026-07-30 15:26:48.263 [restartedMain] INFO  com.zaxxer.hikari.HikariDataSource - HikariPool-1 - Start completed.
2026-07-30 15:26:49.979 [restartedMain] INFO  com.zaxxer.hikari.HikariDataSource - HikariPool-1 - Shutdown initiated...
2026-07-30 15:26:49.981 [restartedMain] INFO  com.zaxxer.hikari.HikariDataSource - HikariPool-1 - Shutdown completed.
2026-07-30 15:27:07.583 [restartedMain] INFO  com.example.test.TestApplication - Starting TestApplication using Java 21.0.11 with PID 10072 (C:\Users\ADMIN88\jvabackend\test\build\classes\java\main started by ADMIN88 in C:\Users\ADMIN88\jvabackend\test)
2026-07-30 15:27:07.584 [restartedMain] INFO  com.example.test.TestApplication - No active profile set, falling back to 1 default profile: "default"
2026-07-30 15:27:09.152 [restartedMain] INFO  com.zaxxer.hikari.HikariDataSource - HikariPool-1 - Starting...
2026-07-30 15:27:09.233 [restartedMain] INFO  com.zaxxer.hikari.pool.HikariPool - HikariPool-1 - Added connection org.postgresql.jdbc.PgConnection@4298c6af
2026-07-30 15:27:09.234 [restartedMain] INFO  com.zaxxer.hikari.HikariDataSource - HikariPool-1 - Start completed.
2026-07-30 15:27:11.912 [restartedMain] INFO  com.example.test.TestApplication - Started TestApplication in 4.723 seconds (process running for 5.223)
2026-07-30 15:27:29.348 [http-nio-8080-exec-8] INFO  c.e.test.controllers.AuthController - Attempting login for user: nhanvien03
2026-07-30 15:28:36.638 [http-nio-8080-exec-7] INFO  c.e.test.controllers.AuthController - User registered successfully: nhanvien04
2026-07-30 15:28:55.428 [http-nio-8080-exec-8] INFO  c.e.test.controllers.AuthController - Attempting login for user: nhanvien04
2026-07-30 15:29:48.118 [http-nio-8080-exec-4] INFO  c.e.test.controllers.AuthController - Attempting login for user: nhanvien04
2026-07-30 15:30:33.205 [http-nio-8080-exec-8] INFO  c.e.test.controllers.UserController - Updating user with ID: 13
2026-07-30 15:30:33.217 [http-nio-8080-exec-8] INFO  c.e.t.m.s.impl.UserServiceImpl - Updating user record with ID: 13
2026-07-30 15:31:30.768 [http-nio-8080-exec-4] INFO  c.e.test.controllers.AuthController - Attempting login for user: nhanvien01
2026-07-30 15:31:34.493 [http-nio-8080-exec-6] INFO  c.e.test.controllers.AuthController - Attempting login for user: nhanvien01
2026-07-30 15:39:51.689 [Thread-1] INFO  com.zaxxer.hikari.HikariDataSource - HikariPool-1 - Shutdown initiated...
2026-07-30 15:39:51.693 [Thread-1] INFO  com.zaxxer.hikari.HikariDataSource - HikariPool-1 - Shutdown completed.
2026-07-30 15:39:51.762 [restartedMain] INFO  com.example.test.TestApplication - Starting TestApplication using Java 21.0.11 with PID 10072 (C:\Users\ADMIN88\jvabackend\test\build\classes\java\main started by ADMIN88 in C:\Users\ADMIN88\jvabackend\test)
2026-07-30 15:39:51.762 [restartedMain] INFO  com.example.test.TestApplication - No active profile set, falling back to 1 default profile: "default"
2026-07-30 15:39:52.086 [restartedMain] INFO  com.zaxxer.hikari.HikariDataSource - HikariPool-2 - Starting...
2026-07-30 15:39:52.114 [restartedMain] INFO  com.zaxxer.hikari.pool.HikariPool - HikariPool-2 - Added connection org.postgresql.jdbc.PgConnection@20a4856f
2026-07-30 15:39:52.114 [restartedMain] INFO  com.zaxxer.hikari.HikariDataSource - HikariPool-2 - Start completed.
2026-07-30 15:39:52.344 [restartedMain] INFO  com.zaxxer.hikari.HikariDataSource - HikariPool-2 - Shutdown initiated...
2026-07-30 15:39:52.401 [restartedMain] INFO  com.zaxxer.hikari.HikariDataSource - HikariPool-2 - Shutdown completed.
2026-07-30 15:41:25.856 [restartedMain] INFO  com.example.test.TestApplication - Starting TestApplication using Java 21.0.11 with PID 10072 (C:\Users\ADMIN88\jvabackend\test\build\classes\java\main started by ADMIN88 in C:\Users\ADMIN88\jvabackend\test)
2026-07-30 15:41:25.856 [restartedMain] INFO  com.example.test.TestApplication - No active profile set, falling back to 1 default profile: "default"
2026-07-30 15:41:26.134 [restartedMain] INFO  com.zaxxer.hikari.HikariDataSource - HikariPool-3 - Starting...
2026-07-30 15:41:26.157 [restartedMain] INFO  com.zaxxer.hikari.pool.HikariPool - HikariPool-3 - Added connection org.postgresql.jdbc.PgConnection@1bec57cc
2026-07-30 15:41:26.157 [restartedMain] INFO  com.zaxxer.hikari.HikariDataSource - HikariPool-3 - Start completed.
2026-07-30 15:41:26.386 [restartedMain] INFO  com.zaxxer.hikari.HikariDataSource - HikariPool-3 - Shutdown initiated...
2026-07-30 15:41:26.390 [restartedMain] INFO  com.zaxxer.hikari.HikariDataSource - HikariPool-3 - Shutdown completed.
2026-07-30 15:42:35.703 [restartedMain] INFO  com.example.test.TestApplication - Starting TestApplication using Java 21.0.11 with PID 10072 (C:\Users\ADMIN88\jvabackend\test\build\classes\java\main started by ADMIN88 in C:\Users\ADMIN88\jvabackend\test)
2026-07-30 15:42:35.703 [restartedMain] INFO  com.example.test.TestApplication - No active profile set, falling back to 1 default profile: "default"
2026-07-30 15:42:36.164 [restartedMain] INFO  com.zaxxer.hikari.HikariDataSource - HikariPool-4 - Starting...
2026-07-30 15:42:36.200 [restartedMain] INFO  com.zaxxer.hikari.pool.HikariPool - HikariPool-4 - Added connection org.postgresql.jdbc.PgConnection@4bea8e5b
2026-07-30 15:42:36.200 [restartedMain] INFO  com.zaxxer.hikari.HikariDataSource - HikariPool-4 - Start completed.
2026-07-30 15:42:36.633 [restartedMain] INFO  com.zaxxer.hikari.HikariDataSource - HikariPool-4 - Shutdown initiated...
2026-07-30 15:42:36.681 [restartedMain] INFO  com.zaxxer.hikari.HikariDataSource - HikariPool-4 - Shutdown completed.
2026-07-30 15:42:38.176 [restartedMain] INFO  com.example.test.TestApplication - Starting TestApplication using Java 21.0.11 with PID 10072 (C:\Users\ADMIN88\jvabackend\test\build\classes\java\main started by ADMIN88 in C:\Users\ADMIN88\jvabackend\test)
2026-07-30 15:42:38.176 [restartedMain] INFO  com.example.test.TestApplication - No active profile set, falling back to 1 default profile: "default"
2026-07-30 15:42:38.449 [restartedMain] INFO  com.zaxxer.hikari.HikariDataSource - HikariPool-5 - Starting...
2026-07-30 15:42:38.587 [restartedMain] INFO  com.zaxxer.hikari.pool.HikariPool - HikariPool-5 - Added connection org.postgresql.jdbc.PgConnection@1f3e59a
2026-07-30 15:42:38.587 [restartedMain] INFO  com.zaxxer.hikari.HikariDataSource - HikariPool-5 - Start completed.
2026-07-30 15:42:38.818 [restartedMain] INFO  com.zaxxer.hikari.HikariDataSource - HikariPool-5 - Shutdown initiated...
2026-07-30 15:42:38.820 [restartedMain] INFO  com.zaxxer.hikari.HikariDataSource - HikariPool-5 - Shutdown completed.
2026-07-30 15:42:50.588 [restartedMain] INFO  com.example.test.TestApplication - Starting TestApplication using Java 21.0.11 with PID 10072 (C:\Users\ADMIN88\jvabackend\test\build\classes\java\main started by ADMIN88 in C:\Users\ADMIN88\jvabackend\test)
2026-07-30 15:42:50.588 [restartedMain] INFO  com.example.test.TestApplication - No active profile set, falling back to 1 default profile: "default"
2026-07-30 15:42:50.916 [restartedMain] INFO  com.zaxxer.hikari.HikariDataSource - HikariPool-6 - Starting...
2026-07-30 15:42:50.948 [restartedMain] INFO  com.zaxxer.hikari.pool.HikariPool - HikariPool-6 - Added connection org.postgresql.jdbc.PgConnection@46ca0838
2026-07-30 15:42:50.948 [restartedMain] INFO  com.zaxxer.hikari.HikariDataSource - HikariPool-6 - Start completed.
2026-07-30 15:42:51.988 [restartedMain] INFO  com.example.test.TestApplication - Started TestApplication in 1.432 seconds (process running for 945.3)
2026-07-30 15:42:55.614 [http-nio-8080-exec-2] INFO  c.e.test.controllers.AuthController - Attempting login for user: nhanvien01
2026-07-30 15:46:15.535 [Thread-5] INFO  com.zaxxer.hikari.HikariDataSource - HikariPool-6 - Shutdown initiated...
2026-07-30 15:46:15.537 [Thread-5] INFO  com.zaxxer.hikari.HikariDataSource - HikariPool-6 - Shutdown completed.
2026-07-30 15:46:15.628 [restartedMain] INFO  com.example.test.TestApplication - Starting TestApplication using Java 21.0.11 with PID 10072 (C:\Users\ADMIN88\jvabackend\test\build\classes\java\main started by ADMIN88 in C:\Users\ADMIN88\jvabackend\test)
2026-07-30 15:46:15.629 [restartedMain] INFO  com.example.test.TestApplication - No active profile set, falling back to 1 default profile: "default"
2026-07-30 15:46:16.060 [restartedMain] INFO  com.zaxxer.hikari.HikariDataSource - HikariPool-7 - Starting...
2026-07-30 15:46:16.086 [restartedMain] INFO  com.zaxxer.hikari.pool.HikariPool - HikariPool-7 - Added connection org.postgresql.jdbc.PgConnection@1c1a8750
2026-07-30 15:46:16.086 [restartedMain] INFO  com.zaxxer.hikari.HikariDataSource - HikariPool-7 - Start completed.
2026-07-30 15:46:16.845 [restartedMain] INFO  com.example.test.TestApplication - Started TestApplication in 1.253 seconds (process running for 1150.157)
2026-07-30 15:46:22.450 [http-nio-8080-exec-2] INFO  c.e.test.controllers.AuthController - Attempting login for user: nhanvien01
2026-07-30 15:48:54.244 [http-nio-8080-exec-9] INFO  c.e.t.c.OrganizationController - Received request to add new organization: OrganizationReq(name=HM, address=cầu giấy)
2026-07-30 15:48:54.266 [http-nio-8080-exec-9] INFO  c.e.t.m.s.i.OrganizationServiceImpl - Creating new organization entity to database for organization name: HM
2026-07-30 15:49:15.452 [http-nio-8080-exec-4] INFO  c.e.test.controllers.UserController - Received request to add new user: UserReq(fullName=Nguyen Van k, username=nhanvien05, password=v12345, email=k@gmail.com, phoneNumber=0983455999, dateOfBirth=2004-01-08, roles=[2], departmentId=1, organizationId=1)
2026-07-30 15:49:15.476 [http-nio-8080-exec-4] INFO  c.e.t.m.s.impl.UserServiceImpl - Creating new user entity to database for full name: Nguyen Van k
2026-07-30 15:50:55.570 [Thread-21] INFO  com.zaxxer.hikari.HikariDataSource - HikariPool-7 - Shutdown initiated...
2026-07-30 15:50:55.573 [Thread-21] INFO  com.zaxxer.hikari.HikariDataSource - HikariPool-7 - Shutdown completed.
2026-07-30 15:50:55.649 [restartedMain] INFO  com.example.test.TestApplication - Starting TestApplication using Java 21.0.11 with PID 10072 (C:\Users\ADMIN88\jvabackend\test\build\classes\java\main started by ADMIN88 in C:\Users\ADMIN88\jvabackend\test)
2026-07-30 15:50:55.649 [restartedMain] INFO  com.example.test.TestApplication - No active profile set, falling back to 1 default profile: "default"
2026-07-30 15:50:55.948 [restartedMain] INFO  com.zaxxer.hikari.HikariDataSource - HikariPool-8 - Starting...
2026-07-30 15:50:56.087 [restartedMain] INFO  com.zaxxer.hikari.pool.HikariPool - HikariPool-8 - Added connection org.postgresql.jdbc.PgConnection@42194d79
2026-07-30 15:50:56.087 [restartedMain] INFO  com.zaxxer.hikari.HikariDataSource - HikariPool-8 - Start completed.
2026-07-30 15:50:56.594 [restartedMain] INFO  com.example.test.TestApplication - Started TestApplication in 0.969 seconds (process running for 1429.905)
2026-07-30 15:50:58.029 [Thread-25] INFO  com.zaxxer.hikari.HikariDataSource - HikariPool-8 - Shutdown initiated...
2026-07-30 15:50:58.031 [Thread-25] INFO  com.zaxxer.hikari.HikariDataSource - HikariPool-8 - Shutdown completed.
2026-07-30 15:50:58.092 [restartedMain] INFO  com.example.test.TestApplication - Starting TestApplication using Java 21.0.11 with PID 10072 (C:\Users\ADMIN88\jvabackend\test\build\classes\java\main started by ADMIN88 in C:\Users\ADMIN88\jvabackend\test)
2026-07-30 15:50:58.092 [restartedMain] INFO  com.example.test.TestApplication - No active profile set, falling back to 1 default profile: "default"
2026-07-30 15:50:58.336 [restartedMain] INFO  com.zaxxer.hikari.HikariDataSource - HikariPool-9 - Starting...
2026-07-30 15:50:58.359 [restartedMain] INFO  com.zaxxer.hikari.pool.HikariPool - HikariPool-9 - Added connection org.postgresql.jdbc.PgConnection@c383ca6
2026-07-30 15:50:58.359 [restartedMain] INFO  com.zaxxer.hikari.HikariDataSource - HikariPool-9 - Start completed.
2026-07-30 15:50:58.794 [restartedMain] INFO  com.example.test.TestApplication - Started TestApplication in 0.72 seconds (process running for 1432.104)
2026-07-30 16:18:52.779 [Thread-29] INFO  com.zaxxer.hikari.HikariDataSource - HikariPool-9 - Shutdown initiated...
2026-07-30 16:18:52.792 [Thread-29] INFO  com.zaxxer.hikari.HikariDataSource - HikariPool-9 - Shutdown completed.
2026-07-30 16:18:53.135 [restartedMain] INFO  com.example.test.TestApplication - Starting TestApplication using Java 21.0.11 with PID 10072 (C:\Users\ADMIN88\jvabackend\test\build\classes\java\main started by ADMIN88 in C:\Users\ADMIN88\jvabackend\test)
2026-07-30 16:18:53.137 [restartedMain] INFO  com.example.test.TestApplication - No active profile set, falling back to 1 default profile: "default"
2026-07-30 16:18:53.937 [restartedMain] INFO  com.zaxxer.hikari.HikariDataSource - HikariPool-10 - Starting...
2026-07-30 16:18:53.964 [restartedMain] INFO  com.zaxxer.hikari.pool.HikariPool - HikariPool-10 - Added connection org.postgresql.jdbc.PgConnection@7fa090f5
2026-07-30 16:18:53.964 [restartedMain] INFO  com.zaxxer.hikari.HikariDataSource - HikariPool-10 - Start completed.
2026-07-30 16:18:54.853 [restartedMain] INFO  com.example.test.TestApplication - Started TestApplication in 1.974 seconds (process running for 3108.165)
2026-07-30 16:56:43.066 [Thread-33] INFO  com.zaxxer.hikari.HikariDataSource - HikariPool-10 - Shutdown initiated...
2026-07-30 16:56:43.071 [Thread-33] INFO  com.zaxxer.hikari.HikariDataSource - HikariPool-10 - Shutdown completed.
2026-07-30 16:56:43.239 [restartedMain] INFO  com.example.test.TestApplication - Starting TestApplication using Java 21.0.11 with PID 10072 (C:\Users\ADMIN88\jvabackend\test\build\classes\java\main started by ADMIN88 in C:\Users\ADMIN88\jvabackend\test)
2026-07-30 16:56:43.240 [restartedMain] INFO  com.example.test.TestApplication - No active profile set, falling back to 1 default profile: "default"
2026-07-30 16:56:43.916 [restartedMain] INFO  com.zaxxer.hikari.HikariDataSource - HikariPool-11 - Starting...
2026-07-30 16:56:43.941 [restartedMain] INFO  com.zaxxer.hikari.pool.HikariPool - HikariPool-11 - Added connection org.postgresql.jdbc.PgConnection@66117097
2026-07-30 16:56:43.942 [restartedMain] INFO  com.zaxxer.hikari.HikariDataSource - HikariPool-11 - Start completed.
2026-07-30 16:56:44.848 [restartedMain] INFO  com.example.test.TestApplication - Started TestApplication in 1.727 seconds (process running for 5378.159)
2026-07-30 16:58:02.572 [http-nio-8080-exec-2] INFO  c.e.test.controllers.AuthController - Attempting login for user: nhanvien01
2026-07-30 17:02:53.719 [Thread-37] INFO  com.zaxxer.hikari.HikariDataSource - HikariPool-11 - Shutdown initiated...
2026-07-30 17:02:53.722 [Thread-37] INFO  com.zaxxer.hikari.HikariDataSource - HikariPool-11 - Shutdown completed.
2026-07-30 17:02:53.832 [restartedMain] INFO  com.example.test.TestApplication - Starting TestApplication using Java 21.0.11 with PID 10072 (C:\Users\ADMIN88\jvabackend\test\build\classes\java\main started by ADMIN88 in C:\Users\ADMIN88\jvabackend\test)
2026-07-30 17:02:53.832 [restartedMain] INFO  com.example.test.TestApplication - No active profile set, falling back to 1 default profile: "default"
2026-07-30 17:02:54.409 [restartedMain] INFO  com.zaxxer.hikari.HikariDataSource - HikariPool-12 - Starting...
2026-07-30 17:02:54.436 [restartedMain] INFO  com.zaxxer.hikari.pool.HikariPool - HikariPool-12 - Added connection org.postgresql.jdbc.PgConnection@6f411f86
2026-07-30 17:02:54.436 [restartedMain] INFO  com.zaxxer.hikari.HikariDataSource - HikariPool-12 - Start completed.
2026-07-30 17:02:55.124 [restartedMain] INFO  com.example.test.TestApplication - Started TestApplication in 1.354 seconds (process running for 5748.435)
2026-07-30 17:03:49.099 [http-nio-8080-exec-3] INFO  c.e.t.m.s.impl.UserServiceImpl - Deleting user record with ID: 15
2026-07-30 17:03:49.121 [http-nio-8080-exec-3] INFO  c.e.test.controllers.UserController - Deleted user with ID: 15
2026-07-30 17:04:20.298 [http-nio-8080-exec-2] INFO  c.e.test.controllers.UserController - Received request to add new user: UserReq(fullName=Nguyen Van k, username=nhanvien05, password=v12345, email=k@gmail.com, phoneNumber=0983455999, dateOfBirth=2004-01-08, roles=[2], departmentId=1, organizationId=null)
2026-07-30 17:08:33.937 [http-nio-8080-exec-8] INFO  c.e.test.controllers.AuthController - Attempting login for user: nhanvien04
2026-07-30 17:09:06.848 [http-nio-8080-exec-9] INFO  c.e.test.controllers.UserController - Received request to add new user: UserReq(fullName=Nguyen Van k, username=nhanvien05, password=v12345, email=k@gmail.com, phoneNumber=0983455999, dateOfBirth=2004-01-08, roles=[2], departmentId=1, organizationId=null)
2026-07-30 17:09:06.848 [http-nio-8080-exec-9] INFO  c.e.test.controllers.UserController - Overriding organizationId with user's organization id: 1
2026-07-30 17:09:06.857 [http-nio-8080-exec-9] INFO  c.e.t.m.s.impl.UserServiceImpl - Creating new user entity to database for full name: Nguyen Van k
2026-07-30 17:27:50.300 [Thread-41] INFO  com.zaxxer.hikari.HikariDataSource - HikariPool-12 - Shutdown initiated...
2026-07-30 17:27:50.302 [Thread-41] INFO  com.zaxxer.hikari.HikariDataSource - HikariPool-12 - Shutdown completed.
2026-07-30 17:27:50.485 [restartedMain] INFO  com.example.test.TestApplication - Starting TestApplication using Java 21.0.11 with PID 10072 (C:\Users\ADMIN88\jvabackend\test\build\classes\java\main started by ADMIN88 in C:\Users\ADMIN88\jvabackend\test)
2026-07-30 17:27:50.486 [restartedMain] INFO  com.example.test.TestApplication - No active profile set, falling back to 1 default profile: "default"
2026-07-30 17:27:51.401 [restartedMain] INFO  com.zaxxer.hikari.HikariDataSource - HikariPool-13 - Starting...
2026-07-30 17:27:51.430 [restartedMain] INFO  com.zaxxer.hikari.pool.HikariPool - HikariPool-13 - Added connection org.postgresql.jdbc.PgConnection@1343b592
2026-07-30 17:27:51.430 [restartedMain] INFO  com.zaxxer.hikari.HikariDataSource - HikariPool-13 - Start completed.
2026-07-30 17:27:52.615 [restartedMain] INFO  com.example.test.TestApplication - Started TestApplication in 2.254 seconds (process running for 7245.926)
2026-07-30 17:28:37.202 [http-nio-8080-exec-2] INFO  c.e.test.controllers.UserController - Received request to add new user: UserReq(fullName=Nguyen Van Y, username=nhanvien06, password=v12345, email=y@gmail.com, phoneNumber=0983455899, dateOfBirth=2004-09-08, roles=[2], departmentId=1, organizationId=null)
2026-07-30 17:28:37.203 [http-nio-8080-exec-2] INFO  c.e.test.controllers.UserController - Setting organizationId with user's organization id: 1
2026-07-30 17:28:37.218 [http-nio-8080-exec-2] INFO  c.e.t.m.s.impl.UserServiceImpl - Creating new user entity to database for full name: Nguyen Van Y
